Price,Details,Title,Location
"₹ 9,600",2 BHK - 2 Bathroom - 1000000 sqft,Girls flatmates urgent need fully independent,"SHIVAJI NAGAR JHUGGIES, BHOPAL"
"₹ 9,600",2 BHK - 2 Bathroom - 10000000 sqft,Only girls flatmates fully independent urgent requirement,"SHIVAJI NAGAR JHUGGIES, BHOPAL"
"₹ 1,500",2 BHK - 1 Bathroom - 600 sqft,Lig 26 b sector indrapuri Bhopal Madhya Pradesh,"INDRAPURI SECTOR B, BHOPAL"
"₹ 14,000",2 BHK - 2 Bathroom - 980 sqft,2 bhk flat semi furnished in trilanga Colony,"ARERA COLONY, BHOPAL"
"₹ 5,500",2 BHK - 2 Bathroom - 1600 sqft,Urgently needed 2 female flatmate,"ISHWAR NAGAR, BHOPAL"
"₹ 5,500",2 BHK - 2 Bathroom - 600 sqft,1 room available in 2 bhk flat,"SAKET NAGAR, BHOPAL"
"₹ 15,000",2 BHK - 2 Bathroom - 1000 sqft,2 bhk Flat for rent in center of Bhopal,"PROFESSORS COLONY, BHOPAL"
"₹ 4,000",2 BHK - 1 Bathroom - 0 sqft,Female flatmate needed to share independnt 2BHK flat in Gulmohar colny,"GULMOHAR COLONY, BHOPAL"
"₹ 13,000",2 BHK - 2 Bathroom - 1500 sqft,Rent for 2bhk part portion ground floor Shahpura A sector,"SHAHPURA, BHOPAL"
"₹ 10,000",2 BHK - 2 Bathroom - 630 sqft,2Bhk flat available for rent,"PEPAL KAPAD, BHOPAL"
"₹ 6,000",2 BHK - 1 Bathroom - 700 sqft,1 cum 2 bhk / home cum flat,"MANDI LAXMI GANJ, BHOPAL"
"₹ 25,000",2 BHK - 2 Bathroom - 700 sqft,Rent for 2bhk Fully furnished covered campus arera colony.,"ROHIT NAGAR, BHOPAL"
"₹ 8,000",2 BHK - 1 Bathroom - 800 sqft,Flat apartment,"KOTRA SULTANABAD, BHOPAL"
"₹ 10,500",2 BHK - 2 Bathroom - 600 sqft,Flat for rent only for family and working professionals,"GULMOHAR COLONY, BHOPAL"
"₹ 11,050",2 BHK - 2 Bathroom - 650 sqft,2 BHK Flat for Rent near Aura Mall,"GULMOHAR COLONY, BHOPAL"
"₹ 10,000",2 BHK - 2 Bathroom - 1000 sqft,Well ventilated flat for rent,"TT NAGAR, BHOPAL"
"₹ 12,000",2 BHK - 2 Bathroom - 5400 sqft,"Buy,sell,rent","ARERA COLONY, BHOPAL"
"₹ 8,500",2 BHK - 2 Bathroom - 450 sqft,Flat for rent only for girls.,"ASHOKA GARDEN NAGAR NIGAM COLONY, BHOPAL"
"₹ 15,000",2 BHK - 2 Bathroom - 1200 sqft,2bhk unit available for rent near rani kamlapati station,"ARERA COLONY, BHOPAL"
"₹ 5,000",2 BHK - 2 Bathroom - 700 sqft,Need a girl roomate for 2 bhk flat,"ASHOKA GARDEN, BHOPAL"
"₹ 16,000",2 BHK - 2 Bathroom - 1200 sqft,2 bhk full furnished flat for family,"GOVINDPURA, BHOPAL"
"₹ 8,500",2 BHK - 1 Bathroom - 455 sqft,Requirements for 2 Male Flatmate,"ARERA COLONY, BHOPAL"
"₹ 15,000",2 BHK - 1 Bathroom - 650 sqft,2bhk furnished flat with fridge almirah Ac in 6no Stop near MP Nagar,"MP NAGAR, BHOPAL"
"₹ 8,000",2 BHK - 1 Bathroom - 600 sqft,Flate for rent,"NAKKAR KHANA, BHOPAL"
"₹ 6,499",2 BHK - 1 Bathroom - 800 sqft,FLAT FOR RENT STUDENT ONLY Separate,"PUSHPA NAGAR, BHOPAL"
"₹ 15,000",2 BHK - 2 Bathroom - 1000 sqft,2 bhk Flat For rent in center of the Bhopal,"PROFESSORS COLONY, BHOPAL"
"₹ 5,000",2 BHK - 2 Bathroom - 800 sqft,Urgent flatmate required ( male ),"HABIBGANJ, BHOPAL"
"₹ 12,000",2 BHK - 2 Bathroom - 900 sqft,2bhk flat rent in aura mall trilanga,"GULMOHAR COLONY, BHOPAL"
"₹ 8,000",2 BHK - 1 Bathroom - 1000 sqft,2 BHK FLAT FOR RENT,"ASHOKA GARDEN MAYUR VIHAR, BHOPAL"
"₹ 15,000",2 BHK - 2 Bathroom - 700 sqft,2 bhk flat fully furnished in trilanga Colony,"ARERA COLONY, BHOPAL"
"₹ 8,000",2 BHK - 1 Bathroom - 550 sqft,2bhk flat for rent at govind garden near apsara takies,"GOVINDPURA, BHOPAL"
"₹ 15,000",2 BHK - 2 Bathroom - 1200 sqft,2BHK Duplex for Rent Family only,"MP NAGAR ZONE 2 MEERA COMPLEX SOCIETY, BHOPAL"
"₹ 9,000",2 BHK - 2 Bathroom - 700 sqft,Good property,"GULMOHAR COLONY, BHOPAL"
"₹ 10,000",2 BHK - 1 Bathroom - 800 sqft,130 Rachna nagar,"RACHNA NAGAR, BHOPAL"
"₹ 13,000",2 BHK - 2 Bathroom - 800 sqft,Flat available for rent,"NARAYAN NAGAR, BHOPAL"
"₹ 7,000",2 BHK - 1 Bathroom - 400 sqft,Only for girls,"SHIVAJI NAGAR, BHOPAL"
"₹ 12,000",2 BHK - 2 Bathroom - 1000 sqft,"2 BHK Furnished Flat, E-7 Arera Colony","ARERA COLONY, BHOPAL"
"₹ 10,000",2 BHK - 1 Bathroom - 950 sqft,2bhk for rent near aura mall for anyone,"SHAHPURA, BHOPAL"
"₹ 9,000",2 BHK - 2 Bathroom - 2000 sqft,Good house for rent,"BHEL, BHOPAL"
"₹ 10,000",2 BHK - 2 Bathroom - 1200 sqft,2BHK APARTMENT IN NEW MARKET FOR RENT,"TT NAGAR NEW MARKET, BHOPAL"
"₹ 19,000",2 BHK - 3 Bathroom - 1500 sqft,For rent near chetak bridge,"MP NAGAR, BHOPAL"
"₹ 10,000",2 BHK - 1 Bathroom - 850 sqft,2bhk for rent near aura mall rent 10000,"SHAHPURA, BHOPAL"
"₹ 6,000",2 BHK - 2 Bathroom - 600 sqft,Room rent 6000,"SEMRA KALAN, BHOPAL"
"₹ 4,800",2 BHK - 1 Bathroom - 780 sqft,Male Flatmates required,"MP NAGAR ZONE 1, BHOPAL"
"₹ 10,200",2 BHK - 2 Bathroom - 750 sqft,2 bhk flat in trilanga Colony,"ARERA COLONY, BHOPAL"
"₹ 13,500",2 BHK - 2 Bathroom - 1700 sqft,2bhk semifurnished unit available for rent in danish kunj square,"ROHIT NAGAR, BHOPAL"
"₹ 8,500",2 BHK - 2 Bathroom - 850 sqft,2bhk 1st floor flat available for rent in rohit nagar,"ROHIT NAGAR, BHOPAL"
"₹ 2,000",2 BHK - 1 Bathroom - 669 sqft,Only girls student office worker,"JAHANGIRABAD, BHOPAL"
"₹ 7,500",2 BHK - 1 Bathroom - 800 sqft,Shahjahanabad model ground main road ke pass h new constructed,"BADABGH, BHOPAL"
"₹ 9,000",2 BHK - 1 Bathroom - 400 sqft,Rooms are available for rent near AIIMS hospital,"PIPALIYA PENDE KHAN, BHOPAL"
"₹ 9,000",2 BHK - 1 Bathroom - 400 sqft,Rooms are available for rent near AIIMS hospital,"PIPALIYA PENDE KHAN, BHOPAL"
"₹ 10,000",2 BHK - 1 Bathroom - 800 sqft,"Rent pr dena h 10000rup.monthly (girls students ,)","JAHANGIRABAD, BHOPAL"
"₹ 14,000",2 BHK - 2 Bathroom - 1100 sqft,2BHK Flat Available on Rent at Arera Colony Bhopal,"ARERA COLONY, BHOPAL"
"₹ 20,000",2 BHK - 2 Bathroom - 1000 sqft,2BHK House Portion Available On Rent at Arera Colony Bhopal,"ARERA COLONY, BHOPAL"
"₹ 5,000",2 BHK - 2 Bathroom - 1200 sqft,Need a female flatmate,"ARERA COLONY, BHOPAL"
"₹ 8,500",2 BHK - 1 Bathroom - 1000 sqft,1B2HK for rent,"BARKHERI KALAN, BHOPAL"
"₹ 8,500",2 BHK - 1 Bathroom - 1000 sqft,1B2hk for rent,"BARKHERI KALAN, BHOPAL"
"₹ 26,000",2 BHK - 2 Bathroom - 1300 sqft,2bhk furnised flat covered campus,"MP NAGAR, BHOPAL"
"₹ 10,000",2 BHK - 2 Bathroom - 1000 sqft,2BHK FLAT E8 Raddison hotel on road Shivoy Complex /Aura mall,"GULMOHAR COLONY, BHOPAL"
"₹ 3,575",2 BHK - 2 Bathroom - 600 sqft,Need 2 girl flatmate urgently,"RACHNA NAGAR, BHOPAL"
"₹ 4,500",2 BHK - 2 Bathroom - 1000 sqft,Fully indipendent Need room partner,"ASHOKA GARDEN HOUSING BOARD COLONY, BHOPAL"
"₹ 4,850",2 BHK - 1 Bathroom - 1 sqft,Male bachelor Roommate required for a room,"MP NAGAR ZONE 1, BHOPAL"
"₹ 12,000",2 BHK - 2 Bathroom - 850 sqft,Newly 2 bhk flat in rohit nagar,"ROHIT NAGAR, BHOPAL"
"₹ 26,000",2 BHK - 2 Bathroom - 800 sqft,"2BHK Furnished flat, Super prime location of Rani kamalapati stn","ARERA COLONY, BHOPAL"
"₹ 10,500",2 BHK - 2 Bathroom - 600 sqft,"2 bhk flat in Bhawani Nagar, near Indrapuri A sector","INDRAPURI SECTOR A, BHOPAL"
"₹ 3,500",2 BHK - 2 Bathroom - 1200 sqft,2 bhk flat available for female,"GURU NANAKPURA, BHOPAL"
"₹ 7,000",2 BHK - 2 Bathroom - 450 sqft,A 2 BHK FLAT mainly for bachelors,"ASHOKA GARDEN, BHOPAL"
"₹ 10,000",2 BHK - 2 Bathroom - 670 sqft,The flat is located in posh area: 12 No. stop Arera colony.,"ARERA COLONY, BHOPAL"
"₹ 12,000",2 BHK - 2 Bathroom - 650 sqft,"Fl7य7तat for rent in Ajanta Apartment, Arera Colony bhopal","ARERA COLONY, BHOPAL"
"₹ 9,000",2 BHK - 2 Bathroom - 700 sqft,Good property need a room partner girls and boys,"ISHWAR NAGAR, BHOPAL"
"₹ 9,000",2 BHK - 2 Bathroom - 750 sqft,2 bhk flat semi furnished in trilanga Colony,"ARERA COLONY, BHOPAL"
"₹ 7,000",2 Bds - 1 Ba - 600 ft2,Flat for rent,"PEER GATE AREA, BHOPAL"
"₹ 7,500",2 Bds - 1 Ba - 750 ft2,"Walking distance bus stop, market, coaching Institute,","JHANGIRABAD, BHOPAL"
"₹ 16,000",2 BHK - 2 Bathroom - 1000 sqft,Prabhatam heights,"PATEL NAGAR, RAISEN"
"₹ 6,000",2 BHK - 1 Bathroom - 1000 sqft,2 ROOM FOR RENT,"BARKHERI, BHOPAL"
"₹ 2,500",2 BHK - 1 Bathroom - 1000 sqft,Flatmate required for 2500-3000 monthly rent.,"PRAKASH NAGAR, BHOPAL"
"₹ 6,500",,2 bhk ka full independent and flat mate chahiye,"NEW MINAL RESIDENCY, BHOPAL"
"₹ 6,500",2 BHK - 2 Bathroom - 14 sqft,2 bhk ka full independent and flat met chahiye,"NEW MINAL RESIDENCY, BHOPAL"
"₹ 10,000",2 BHK - 1 Bathroom - 1000 sqft,2 bhk room rent,"NARILA SHANKARI BALAJI NAGAR, BHOPAL"
"₹ 9,000",2 BHK - 1 Bathroom - 900 sqft,2 BHK flat for rent in moon classic appartment koh e fiza bhopal,"KOH E FIZA, BHOPAL"
"₹ 9,000",2 BHK - 1 Bathroom - 1000 sqft,Two bedroom hall flat on rent in Kohefiza,"KOH E FIZA, BHOPAL"
"₹ 12,000",2 BHK - 2 Bathroom - 500 sqft,2BHK Flat Newly painted and Clean Flat for Boys in Indrapuri C sector,"INDRAPURI C SECTOR, BHOPAL"
"₹ 2,500",2 BHK - 1 Bathroom - 60 sqft,Need flatmates,"PIPLANI, BHOPAL"
"₹ 10,000",2 BHK - 2 Bathroom - 700 sqft,2bhk Fully independent flat for everyone,"VARDHMAN GREEN CITY, BHOPAL"
"₹ 8,000",2 BHK - 1 Bathroom - 800 sqft,2 BHK portion of individual house available for rent,"RUCHI LIFE SCAPES, BHOPAL"
"₹ 4,500",2 BHK - 2 Bathroom - 700 sqft,Need flatmate,"INDRAPURI C SECTOR, BHOPAL"
"₹ 6,500",2 BHK - 2 Bathroom - 900 sqft,2 BHK furnished flat for rent,"SWARN KUNJ COLONY KATARA, BHOPAL"
"₹ 28,00,000",2 BHK - 2 Bathroom - 1000 sqft,2 BHK semi furnished,"BAGH MUNGALIYA, BHOPAL"
"₹ 7,200",2 BHK - 2 Bathroom - 750 sqft,"2 BHK Flat for Rent in Signature 360, Katara Hills, Bhopal","KATARA HILLS, BHOPAL"
"₹ 13,000",2 BHK - 2 Bathroom - 1500 sqft,2bhk falt for rent semi furnished Danish kunj near Narayana school,"KOLAR ROAD, BHOPAL"
"₹ 8,000",2 BHK - 2 Bathroom - 500 sqft,Looking for female Roommate,"KATARA HILLS, BHOPAL"
"₹ 16,000",2 BHK - 2 Bathroom - 1050 sqft,2 BHK fully furnished falt rent sakun samriddhi Lalita nagar Kolar,"KOLAR ROAD, BHOPAL"
"₹ 10,000",2 BHK - 2 Bathroom - 1043 sqft,2bhk only 10k,"AYODHYA NAGAR, BHOPAL"
"₹ 3,000",2 BHK - 1 Bathroom - 1000 sqft,Flate mate,"RAJEEV NAGAR, BHOPAL"
"₹ 3,500",2 BHK - 2 Bathroom - 100 sqft,1 room in a 2 bhk non-independent flat is available for girls only.,"INDRAPURI C SECTOR, BHOPAL"
"₹ 12,000",2 BHK - 2 Bathroom - 1350 sqft,2 bhk duplex for rent,"NARILA SHANKARI DURGESH VIHAR COLONY, BHOPAL"
"₹ 12,000",2 BHK - 1 Bathroom - 850 sqft,"2BHK semi furnished apartment for rent, only for Girls and family.","NARILA SHANKARI BHAWANI DHAM SOCIETY, BHOPAL"
"₹ 11,000",2 BHK - 2 Bathroom - 1000 sqft,2bhk flat for rent in danish kunj near by jk Hospitel in kolar road,"KOLAR ROAD, BHOPAL"
"₹ 12,000",2 BHK - 2 Bathroom - 1200 sqft,2bhk for rent Duplex part posan Danish kunj Kolar Road,"KOLAR ROAD, BHOPAL"
"₹ 9,800",2 BHK - 2 Bathroom - 1000 sqft,Duplex 2bhk rent,"KOLAR ROAD, BHOPAL"
"₹ 9,000",2 BHK - 2 Bathroom - 900 sqft,2bhk partporsan for rent in very good condition mandakini colony,"KOLAR ROAD, BHOPAL"
"₹ 25,000",2 BHK - 3 Bathroom - 1760 sqft,2 BHK premium bunglow for Rent to family,"AWADHPURI, BHOPAL"
"₹ 12,000",2 BHK - 2 Bathroom - 600 sqft,For Rent in Mahabali nagar near 6 lane main road,"KOLAR ROAD, BHOPAL"
"₹ 10,500",2 BHK - 2 Bathroom - 1200 sqft,2 BHK house for Rent,"KATARA HILLS, BHOPAL"
"₹ 11,500",2 BHK - 1 Bathroom - 720 sqft,2BHK INDIPENDENT FLAT FOR RENT,"INDRAPURI C SECTOR, BHOPAL"
"₹ 6,000",2 BHK - 1 Bathroom - 650 sqft,2 bhk flat are available for rent,"KAROD KALAN, BHOPAL"
"₹ 8,000",2 BHK - 2 Bathroom - 800 sqft,2BHK Flat Rent out at REGAL Town Awadhpuri Bhopal,"AWADHPURI, BHOPAL"
"₹ 10,000",2 BHK - 2 Bathroom - 470 sqft,2 bhk flat for girls only,"KAMLA NAGAR, BHOPAL"
"₹ 17,000",2 BHK - 2 Bathroom - 700 sqft,Newly 2 bhk flat fully furnished in bawaria,"BAWARIA KALAN, BHOPAL"
"₹ 6,000",2 BHK - 2 Bathroom - 740 sqft,HOME RENT for 1st floor [Lambakheda)sharda nagar,"BAGH, BHOPAL"
"₹ 3,000",2 BHK - 1 Bathroom - 1000 sqft,Room on rent (only for single male),"AWADHPURI, BHOPAL"
"₹ 8,000",2 BHK - 2 Bathroom - 600 sqft,"2 bhk flat ,2 nd floor , independent , covered campus","KATARA HILLS, BHOPAL"
"₹ 7,000",2 BHK - 1 Bathroom - 600 sqft,singlex rent new buildup indipendent house,"KAROD KALAN, BHOPAL"
"₹ 2,500",2 BHK - 2 Bathroom - 800 sqft,2 BHK flat one room for rent,"KOLAR ROAD, BHOPAL"
"₹ 10,000",2 BHK - 1 Bathroom - 1200 sqft,Semi furnished flat,"NARILA SHANKARI BHAWANI DHAM SOCIETY, BHOPAL"
"₹ 12,000",2 BHK - 1 Bathroom - 1000 sqft,Independent furnished 2bhk ground floor flat available for rent,"INDRAPURI, BHOPAL"
"₹ 11,000",2 BHK - 2 Bathroom - 1000 sqft,2bhk semifurnished independent unit available for rent,"CHINAR FORUNE CITY, BHOPAL"
"₹ 15,000",2 BHK - 2 Bathroom - 1300 sqft,2BHK SEMI FURNISHED SINGLE FOR RENT,"KOLAR ROAD, BHOPAL"
"₹ 27,00,000",2 BHK - 2 Bathroom - 900 sqft,2BHK SEMI FURNISHED FLAT FOR SALE,"KOLAR ROAD, BHOPAL"
"₹ 16,000",2 BHK - 2 Bathroom - 1800 sqft,3BHK SEMI FURNISHED DUPLEX COVERD CAMPUS FOR RENT,"AAKRITI ECOCITY, BHOPAL"
"₹ 7,000",2 BHK - 1 Bathroom - 800 sqft,Room for rent,"HOUSING BOARD COLONY, BHOPAL"
"₹ 3,500",2 BHK - 1 Bathroom - 1000 sqft,"Total rent 7000 dome, divide hoga rent to par person 3500 aayega","NARILA SHANKARI HAZRAT NIZAMUDDIN COLONY, BHOPAL"
"₹ 7,000",2 BHK - 1 Bathroom - 600 sqft,2 BHK for Rent,"DEEP NAGAR, BHOPAL"
"₹ 13,000",2 BHK - 2 Bathroom - 1800 sqft,2bhk partporsan for rent in sarvdharm D sector colony in kolar,"KOLAR ROAD, BHOPAL"
"₹ 7,000",2 BHK - 2 Bathroom - 700 sqft,"2BHK flat in awadhpuri Bhopal, Rent Negotiable, Vehicle ho to better.","AWADHPURI, BHOPAL"
"₹ 15,000",2 BHK - 3 Bathroom - 1770 sqft,rent for duplex,"KATARA HILLS, BHOPAL"
"₹ 7,000",2 BHK - 1 Bathroom - 900 sqft,Room for rent,"AYODHYA NAGAR, BHOPAL"
"₹ 3,500",2 BHK - 2 Bathroom - 0 sqft,Required female room partner,"BHANPURA, BHOPAL"
"₹ 8,000",2 BHK - 2 Bathroom - 800 sqft,"PG ,BACHELORS, FAMILY FULLY FURNISHED","KOLAR ROAD, BHOPAL"
"₹ 12,000",2 BHK - 2 Bathroom - 1010 sqft,Good condition,"AYODHYA NAGAR, BHOPAL"
"₹ 7,000",2 BHK - 2 Bathroom - 600 sqft,Rooms for rent (new built up),"KAROD KALAN, BHOPAL"
"₹ 10,500",2 BHK - 2 Bathroom - 800 sqft,2bhk Duplex for rent part poshan parwati nagar mahabali Kolar,"KOLAR ROAD, BHOPAL"
"₹ 17,000",2 BHK - 2 Bathroom - 1210 sqft,"Near Aura Mall, Luxurious 2BHK flat for rent in Bawadia Kalan","BAWARIA KALAN, BHOPAL"
"₹ 9,500",2 BHK - 2 Bathroom - 1250 sqft,2bhk for rent,"BARKHERI, BHOPAL"
"₹ 7,000",2 BHK - 2 Bathroom - 750 sqft,Flat at Koh e fiza for rent,"KOH E FIZA, BHOPAL"
"₹ 2,500",2 BHK - 1 Bathroom - 500 sqft,I want share 1 badroom 2500 rs need only girls,"KAROD KALAN, BHOPAL"
"₹ 7,000",2 BHK - 1 Bathroom - 1200 sqft,Rooms available for rent hurry up,"NEGRI, BHOPAL"
"₹ 3,500",2 BHK - 2 Bathroom - 1200 sqft,I want a flatmate,"KAMLA NAGAR, BHOPAL"
"₹ 9,500",2 BHK - 2 Bathroom - 800 sqft,Rent for 2BHK flat at Prime Location Indrapuri,"INDRAPURI C SECTOR, BHOPAL"
"₹ 19,000",2 BHK - 1 Bathroom - 1000 sqft,2 bhk for rent (family and girls student),"KATARA HILLS, BHOPAL"
"₹ 4,000",2 BHK - 2 Bathroom - 0 sqft,"Need girl roommate, rental room/apartment","NARILA SHANKARI DURGESH VIHAR COLONY, BHOPAL"
"₹ 15,000",2 BHK - 2 Bathroom - 800 sqft,2bhk flat for rent,"PRABHU NAGAR, BHOPAL"
"₹ 8,000",2 BHK - 2 Bathroom - 900 sqft,House for rent Near Danish Kunj,"DANISH SQUARE, BHOPAL"
"₹ 5,000",2 BHK - 2 Bathroom - 800 sqft,"for boys or girls , seprat two wash room and two room free","BHANPURA, BHOPAL"
"₹ 36,00,000",2 BHK - 2 Bathroom - 1255 sqft,Flat for sale 36 Lacs,"BARWAI, BHOPAL"
"₹ 8,500",2 BHK - 1 Bathroom - 800 sqft,Flat for rent only for family and girls,"INDRAPURI C SECTOR, BHOPAL"
"₹ 5,000",,Available for Rent 2 BHK flat,"KATARA HILLS, BHOPAL"
"₹ 9,000",2 BHK - 2 Bathroom - 800 sqft,looking for a working female flatmate,"BAG SEWANIA, BHOPAL"
"₹ 10,000",2 BHK - 2 Bathroom - 1100 sqft,2बीएचके फ्लैट फॉर रेंट ललिता लोटस हॉस्पिटल नगर कोलार रोड़,"KOLAR ROAD, BHOPAL"
"₹ 10,000",2 BHK - 2 Bathroom - 1100 sqft,"2BHK flat for rent, Lalita 2 Nagar, Kolar Road","KOLAR ROAD, BHOPAL"
"₹ 3,500",2 BHK - 2 Bathroom - 1000 sqft,Room mate needed for ground floor 2bhk.,"KOLAR ROAD, BHOPAL"
"₹ 20,000",2 BHK - 2 Bathroom - 1150 sqft,"2 BHK Fully Furnished Flat for Rent in BHEL Sangam Bagmugaliya, Bhopal","BHEL SANGAM AND PRIYADESHINI COLONY, BHOPAL"
"₹ 5,000",2 BHK - 2 Bathroom - 845 sqft,Flat for rent,"MISROD, BHOPAL"
"₹ 3,500",2 BHK - 2 Bathroom - 1500 sqft,Finding flat mate,"RAJEEV NAGAR, BHOPAL"
"₹ 12,000",2 BHK - 2 Bathroom - 1000 sqft,House for rent,"SINGARCHOLI, BHOPAL"
"₹ 5,000",2 BHK - 1 Bathroom - 500 sqft,Boy's and girls room avaliable for rent,"KOLAR ROAD, BHOPAL"
"₹ 5,000",2 BHK - 1 Bathroom - 800 sqft,2bhk for rent,"TAGORE NAGAR, BHOPAL"
"₹ 20,000",2 BHK - 2 Bathroom - 1100 sqft,"Fully Furnished 2BHK Flat for Rent in Lila Atulyam,Bhopal|Front Facing","AAKRITI ECOCITY, BHOPAL"
"₹ 3,000",2 BHK - 2 Bathroom - 500 sqft,Roompartner for indipendent 2 BHK in kalpana Nagar,"INDRAPURI, BHOPAL"
"₹ 5,000",2 BHK - 2 Bathroom - 1800 sqft,Flatmate required for 2bhk (preoccupied)(not for family),"PATEL NAGAR, BHOPAL"
"₹ 2,750",2 BHK - 2 Bathroom - 900 sqft,Female Flatmate,"KOLAR ROAD, BHOPAL"
"₹ 5,000",2 BHK - 1 Bathroom - 500 sqft,Sharing flat female flatmate required,"OLD MINAL RESIDENCY, BHOPAL"
"₹ 10,000",2 BHK - 3 Bathroom - 1000 sqft,House for rent,"AHMEDPUR KALAN, BHOPAL"
"₹ 8,500",2 BHK - 2 Bathroom - 750 sqft,Property junction,"BHANPURA, BHOPAL"
"₹ 5,000",2 BHK - 2 Bathroom - 1000 sqft,1 already living + 1(female) flatmate required - Urgent,"PANCHVATI, BHOPAL"
"₹ 3,500",2 BHK - 2 Bathroom - 800 sqft,"IBD HALLMARK CITY BHOPAL, PG, Room shareing","KOLAR ROAD, BHOPAL"
"₹ 9,000",2 BHK - 2 Bathroom - 900 sqft,2 BHK INDEPENDENT HOUSE FOR RENT,"KATARA HILLS, BHOPAL"
"₹ 2,500",2 BHK - 2 Bathroom - 700 sqft,Only Bachelor are allowed,"PATEL NAGAR, BHOPAL"
"₹ 16,000",2 BHK - 2 Bathroom - 1500 sqft,"2 BHK for Rent in Danish Nagar, Bhopal, near Aashima Mall, Hoshangabad","BAGH MUNGALIYA, BHOPAL"
"₹ 3,000",2 BHK - 2 Bathroom - 600 sqft,Need a female roommate,"NEW MINAL RESIDENCY, BHOPAL"
"₹ 14,000",2 BHK - 2 Bathroom - 1050 sqft,2bhk flat for rent please orchead Recidency Kolar road,"KOLAR ROAD, BHOPAL"
"₹ 2,500",2 BHK - 2 Bathroom - 1250 sqft,Only for rent,"KAROD KALAN, BHOPAL"
"₹ 13,000",2 BHK - 2 Bathroom - 1100 sqft,2 बीएचके फ्लैट फॉर रेंट बांसखेड़ी दानिश कुंज कोलार रोड,"KOLAR ROAD, BHOPAL"
"₹ 25,000",2 BHK - 2 Bathroom - 1050 sqft,2bhk fully furnished flat for rent Sai Bord 12 No.,"KOLAR ROAD, BHOPAL"
"₹ 16,000",2 BHK - 2 Bathroom - 1200 sqft,2bhk flat for rent in palace orchard colony prime location in kolar,"KOLAR ROAD, BHOPAL"
"₹ 12,000",2 BHK - 2 Bathroom - 800 sqft,RENT 2 3 BHK FLAT property available,"NEW MINAL RESIDENCY, BHOPAL"
"₹ 10,000",2 BHK - 1 Bathroom - 600 sqft,Flat for rent,"INDRAPURI C SECTOR, BHOPAL"
"₹ 12,500",2 BHK - 2 Bathroom - 1050 sqft,2bhk/3bhk Independent flat for rent in Ayodhya bypass,"AYODHYA NAGAR, BHOPAL"
"₹ 7,000",2 BHK - 2 Bathroom - 1000 sqft,Semi furnished 2 bhk flat,"MISROD, BHOPAL"
"₹ 7,000",2 BHK - 2 Bathroom - 1000 sqft,"2 bhk house for rent in Regal homes,Awadhpuri","AWADHPURI, BHOPAL"
"₹ 4,000",2 BHK - 2 Bathroom - 1200 sqft,2 bhk independent flat for girls,"AWADHPURI, BHOPAL"
"₹ 10,000",2 BHK - 2 Bathroom - 950 sqft,2bhk for rent partposhan bairagad chichali Kolar Road,"KOLAR ROAD, BHOPAL"
"₹ 10,000",2 BHK - 2 Bathroom - 900 sqft,2 Bhk semifurnished Flat available for rent at prabhatam height,"PATEL NAGAR, BHOPAL"
"₹ 9,000",2 BHK - 2 Bathroom - 1200 sqft,For rent of ground floor,"KOLAR ROAD, BHOPAL"
"₹ 8,000",2 BHK - 2 Bathroom - 700 sqft,Rooms for rent,"KOLAR ROAD, BHOPAL"
"₹ 9,500",2 BHK - 1 Bathroom - 1212 sqft,Flat sharing partner needed.. Indrapuri C sector,"INDRAPURI C SECTOR, BHOPAL"
"₹ 12,000",2 BHK - 2 Bathroom - 1100 sqft,2bhk flat for rent in Lalita nagar near D Mart in kolar road,"KOLAR ROAD, BHOPAL"
"₹ 16,000",2 BHK - 2 Bathroom - 900 sqft,2bhk flat rent fully furnished Samriddhi parisar Lalita Nagar Kolar,"KOLAR ROAD, BHOPAL"
"₹ 5,000",2 BHK - 1 Bathroom - 800 sqft,Need Flat mate for rent in 2BHK,"OLD MINAL RESIDENCY, BHOPAL"
"₹ 9,000",2 BHK - 3 Bathroom - 1000 sqft,House for rent,"GORA, BHOPAL"
"₹ 10,000",2 BHK - 2 Bathroom - 800 sqft,2 BHK Flat for Rent,"MISROD, BHOPAL"
"₹ 4,000",2 BHK - 1 Bathroom - 600 sqft,Two rooms with kitchen | neelbaad choraha,"BARKHERI, BHOPAL"
"₹ 12,000",2 BHK - 2 Bathroom - 1000 sqft,2 BHK duplex house for rent,"NARILA SHANKARI, BHOPAL"
"₹ 14,500",2 BHK - 2 Bathroom - 1300 sqft,2bhk falt for Rent place orchid Square Kolar Road,"KOLAR ROAD, BHOPAL"
"₹ 12,500",2 BHK - 2 Bathroom - 1200 sqft,San khedi Narayana school ke pass Kolar road,"KOLAR ROAD, BHOPAL"
"₹ 9,000",2 BHK - 2 Bathroom - 800 sqft,Shree krishna campus priyanka nagar kolar road bhopal,"KOLAR ROAD, BHOPAL"
"₹ 25,000",2 BHK - 2 Bathroom - 1300 sqft,Full furnished house,"DANISH SQUARE, BHOPAL"
"₹ 2,250",2 BHK - 2 Bathroom - 1400 sqft,Need roommate only bihar uttar pradesh,"INDRAPURI C SECTOR, BHOPAL"
"₹ 5,000",2 BHK - 1 Bathroom - 500 sqft,House For Rent ( only for family),"NARILA SHANKARI BALAJI NAGAR, BHOPAL"
"₹ 10,000",2 BHK - 2 Bathroom - 1000 sqft,2bhk flat for rent Lalita nagar prime location Kolar road,"KOLAR ROAD, BHOPAL"
"₹ 10,000",2 BHK - 2 Bathroom - 800 sqft,Luxurious 2 bhk available on rent,"RAVI DAS COLONY, BHOPAL"
"₹ 5,000",2 BHK - 1 Bathroom - 4000 sqft,Female flatmate required,"HIRDARAM, BHOPAL"
"₹ 4,000",2 BHK - 1 Bathroom - 1000 sqft,Fully independent 2bhk flat 1 room and hall available for the rent,"INDRAPURI C SECTOR, BHOPAL"
"₹ 4,000",2 BHK - 2 Bathroom - 1500 sqft,Need Girl Flatmate for hall,"INDRAPURI C SECTOR, BHOPAL"
"₹ 12,000",2 BHK - 2 Bathroom - 1054 sqft,House for rent-Preferably Family,"MISROD, BHOPAL"
"₹ 10,000",2 BHK - 1 Bathroom - 700 sqft,Flat available for family person at bhopal hoshangabad road,"CHINAR FORUNE CITY, BHOPAL"
"₹ 8,500",2 BHK - 2 Bathroom - 900 sqft,Apartment for girls and family.,"NIKHIL PHASE 2, BHOPAL"
"₹ 8,000",2 BHK - 2 Bathroom - 1100 sqft,2bhk independent House no 458 for rent,"MISROD, BHOPAL"
"₹ 21,50,000",2 BHK - 2 Bathroom - 900 sqft,Urgent sell,"MISROD, BHOPAL"
"₹ 5,600",2 BHK - 1 Bathroom - 600 sqft,"2 BHK FLAT WITH LIFT, PEACEFUL ENVIRONMENT, EQUIP WITH PARKS, SECURITY","KATARA HILLS, BHOPAL"
"₹ 4,750",2 BHK - 2 Bathroom - 1199 sqft,1 female flatmate for 2bhk flat,"PATEL NAGAR, BHOPAL"
"₹ 3,500",2 BHK - 2 Bathroom - 952 sqft,Female Flatmate required ( sharing),"MISROD, BHOPAL"
"₹ 8,000",2 BHK - 2 Bathroom - 910 sqft,2bhk falt for rent Samriddhi parisar Lalita Nagar Kolar road l,"KOLAR ROAD, BHOPAL"
"₹ 8,000",2 BHK - 1 Bathroom - 700 sqft,Furnished and newly contructed,"NEW MINAL RESIDENCY, BHOPAL"
"₹ 11,000",2 BHK - 1 Bathroom - 650 sqft,"2Bhk Flat for rent- CHINNAR FORTUNE CITY, AASHIMA MALL,","CHINAR FORUNE CITY, BHOPAL"
"₹ 7,500",2 BHK - 2 Bathroom - 600 sqft,Room on rent for family,"SWARN KUNJ COLONY KATARA, BHOPAL"
"₹ 11,000",2 BHK - 2 Bathroom - 750 sqft,2 bhk for rent and 1room kichin bathroom,"KALIYASO DAM AREA, BHOPAL"
"₹ 4,000",2 BHK - 1 Bathroom - 1200 sqft,Need female roommate,"SANGAM COLONY, BHOPAL"
"₹ 8,000",2 BHK - 2 Bathroom - 900 sqft,2Bhk for rent in green bay apartment,"RAJ BHOJ INTERNATIONAL AIRPORT AREA, BHOPAL"
"₹ 7,000",2 BHK - 1 Bathroom - 800 sqft,To rent out,"SANJEEV NAGAR, BHOPAL"
"₹ 11,000",2 BHK - 2 Bathroom - 1200 sqft,3bhk falt for rent Danish kunj jain mandir Kolar Road,"KOLAR ROAD, BHOPAL"
"₹ 6,500",2 BHK - 1 Bathroom - 800 sqft,2 bhk for urgent rent out only for vegetarian.,"AAMAR ESTATE, BHOPAL"
"₹ 10,000",2 BHK - 2 Bathroom - 750 sqft,"Only for families, 2 BHK flat for Rent in Sagar Lake view homes . Bpl","RATNAGIRI BDA COLONY, BHOPAL"
"₹ 15,000",2 BHK - 3 Bathroom - 1550 sqft,plot no 239 indra vihar colony pant house 2 bhk with lift aminites,"PANCHVATI, BHOPAL"
"₹ 16,000",2 BHK - 2 Bathroom - 1400 sqft,2BHK flat bawadiya kalan near akriti eco city,"AAKRITI ECOCITY, BHOPAL"
"₹ 10,000",2 BHK - 2 Bathroom - 980 sqft,2bhk flat for rent in indrapuri,"INDRAPURI, BHOPAL"
"₹ 18,000",2 BHK - 2 Bathroom - 1500 sqft,2BHK fully furnished Duplex part poshan for Rent Kolar road,"KOLAR ROAD, BHOPAL"
"₹ 11,000",2 BHK - 2 Bathroom - 800 sqft,2bhk flat for rent,"NARILA SHANKARI DURGESH VIHAR COLONY, BHOPAL"
"₹ 20,000",2 BHK - 1 Bathroom - 650 sqft,2bhk rent pe ghar dena hai kam Bugged mein location kohefiza,"KOH E FIZA, BHOPAL"
"₹ 14,500",,2bhk flat for rent in place orchead Recidency Kolar road Bhopal,"KOLAR ROAD, BHOPAL"
"₹ 3,500",2 BHK - 1 Bathroom - 500 sqft,Only girls rooms,"KOLAR ROAD, BHOPAL"
"₹ 8,500",2 BHK - 1 Bathroom - 1000 sqft,2 BHK Independent flat for rent,"NARILA SHANKARI HAZRAT NIZAMUDDIN COLONY, BHOPAL"
"₹ 3,000",2 BHK - 2 Bathroom - 1100 sqft,Female Flatmate Needed,"INDRAPURI C SECTOR, BHOPAL"
"₹ 11,000",2 BHK - 2 Bathroom - 1200 sqft,2bhk For rent Duplex part poshan for rent sai nath Kolar road Bhopal,"KOLAR ROAD, BHOPAL"
"₹ 12,000",2 BHK - 3 Bathroom - 1400 sqft,2bhk falt for rent Shiva state Bima Kunj Kolar road Bhopal,"KOLAR ROAD, BHOPAL"
"₹ 9,000",2 BHK - 2 Bathroom - 900 sqft,2bhk falt for rent Priyanka nagar prime locations Kolar,"KOLAR ROAD, BHOPAL"
"₹ 20,000",2 BHK - 2 Bathroom - 1000 sqft,3bhk duplex for rent Sai Hills view near Sagar green hills mandakini,"KOLAR ROAD, BHOPAL"
"₹ 5,500",2 BHK - 2 Bathroom - 840 sqft,2Bhk flat on RENT,"SATLAPUR, MANDIDEEP"
"₹ 8,500",2 BHK - 2 Bathroom - 720 sqft,2BHK Flat for Family & Bachelor Girl's only.,"KOKTA, BHOPAL"
"₹ 7,500",2 BHK - 2 Bathroom - 600 sqft,2bhk independent flate,"KOKTA, BHOPAL"
"₹ 4,000",1 BHK - 1 Bathroom - 600 sqft,Ground floor house on rent,"BHOPAL, MADHYA PRADESH"
"₹ 2,95,000",1 BHK - 1 Bathroom - 444 sqft,Katsi sunehari bagh mata mandir patte bala makan h,"BHOPAL, MADHYA PRADESH"
"₹ 14,500",1 BHK - 1 Bathroom - 18 sqft,Only for girls independent room available,"MP NAGAR, BHOPAL"
"₹ 7,500",1 BHK - 1 Bathroom - 600 sqft,For rent dm us,"AISH BAGH HOUSING BOARD COLONY, BHOPAL"
"₹ 8,500",1 BHK - 1 Bathroom - 0 sqft,Reserve Parking,"NEHRU NAGAR, BHOPAL"
"₹ 15,000",1 BHK - 1 Bathroom - 700 sqft,Rent for 1bhk flat fully furnished covered campus near aakruti Eco.,"ROHIT NAGAR, BHOPAL"
"₹ 5,000",1 BHK - 1 Bathroom - 550 sqft,1 BHK FLAT FOR RENT,"ASHOKA GARDEN, BHOPAL"
"₹ 3,500",1 BHK - 1 Bathroom - 100 sqft,Rooms will be given on rent only girls and family's,"ASHOKA GARDEN, BHOPAL"
"₹ 5,500",1 BHK - 1 Bathroom - 550 sqft,ground floor pe 2 room Kichen rent se dena h chirayu fategarh ke pass,"NAKKAR KHANA, BHOPAL"
"₹ 6,000",1 BHK - 1 Bathroom - 450 sqft,1 bhk second floor for rent only girls or working professional allowed,"NEHRU NAGAR, BHOPAL"
"₹ 13,500",1 BHK - 1 Bathroom - 500 sqft,Parkview Fully Furnished Flat,"PADMANABH NAGAR HOUSING BOARD COLONY, BHOPAL"
"₹ 4,500",1 BHK - 1 Bathroom - 1200 sqft,Room for rent for girls,"HINTOIA VILLAGE, BHOPAL"
"₹ 4,500",1 BHK - 1 Bathroom - 300 sqft,Single Room Available For Rent,"ASHOKA GARDEN, BHOPAL"
"₹ 3,500",1 BHK - 1 Bathroom - 200 sqft,Female Flatmate,"TT NAGAR, BHOPAL"
"₹ 3,500",1 BHK - 1 Bathroom - 1000 sqft,Only for student,"ASHOKA GARDEN, BHOPAL"
"₹ 4,000",1 BHK - 1 Bathroom - 255 sqft,Rooms for Rent,"KHUSHIPURA, BHOPAL"
"₹ 7,800",1 BHK - 1 Bathroom - 450 sqft,1 bhk flat in rohit nagar,"ROHIT NAGAR, BHOPAL"
"₹ 2,200",1 BHK - 1 Bathroom - 750 sqft,Room rent pr dena he,"NAVBHAR COLONY, BHOPAL"
"₹ 12,000",1 BHK - 1 Bathroom - 700 sqft,Rent urjent Rachna Tower LIG Block,"RACHNA NAGAR, BHOPAL"
"₹ 6,500",1 BHK - 1 Bathroom - 450 sqft,Rooms for Rent on terrace,"ASHOKA GARDEN MAYUR VIHAR, BHOPAL"
"₹ 5,000",1 BHK - 1 Bathroom - 450 sqft,1 room kitchen for rent in ashoka garden,"ASHOKA GARDEN, BHOPAL"
"₹ 6,000",1 BHK - 1 Bathroom - 600 sqft,1 bhk Nehru Nagar Independent Floor,"NEHRU NAGAR, BHOPAL"
"₹ 9,000",1 BHK - 1 Bathroom - 700 sqft,1bhk semifurnished unit available for rent near aura mall,"ARERA COLONY, BHOPAL"
"₹ 7,800",1 BHK - 1 Bathroom - 450 sqft,Newly 1 bhk.flat in rohit nagar,"ROHIT NAGAR, BHOPAL"
"₹ 6,500",1 BHK - 1 Bathroom - 700 sqft,Independent Flat for rent in vidya nagar(Brokerage),"ANSAL PRADHAN ENCLAVE, BHOPAL"
"₹ 2,500",1 BHK - 1 Bathroom - 800 sqft,1 seat awailable in 2 seater pg only for girls,"KASTURBA NAGAR, BHOPAL"
"₹ 6,000",1 BHK - 1 Bathroom - 200 sqft,Room available only for boys infront of Ashoka garden Thana,"ASHOKA GARDEN ASHOKA GARDEN, BHOPAL"
"₹ 7,000",1 BHK - 1 Bathroom - 650 sqft,1bhk for rent in ashoka garden for anyone,"ASHOKA GARDEN, BHOPAL"
"₹ 9,000",1 BHK - 1 Bathroom - 160 sqft,1 room fully furnished in Shahpura colony,"SHAHPURA, BHOPAL"
"₹ 8,000",1 BHK - 1 Bathroom - 160 sqft,1 room furnished in Shahpura colony,"SHAHPURA, BHOPAL"
"₹ 7,200",1 BHK - 1 Bathroom - 140 sqft,1 room furnished in Shahpura colony,"SHAHPURA, BHOPAL"
"₹ 10,000",,For rent accessories cover glass,"NADRA, BHOPAL"
"₹ 2,000",1 BHK - 1 Bathroom - 150 sqft,Need female roommates argent. Only Girl,"ASHOKA GARDEN, BHOPAL"
"₹ 3,000",1 BHK - 1 Bathroom - 250 sqft,Tolet for girls only,"GAUTAM NAGAR, BHOPAL"
"₹ 3,000",1 BHK - 1 Bathroom - 600 sqft,Room for rent,"KHUSHIPURA, BHOPAL"
"₹ 2,500",1 BHK - 1 Bathroom - 20 sqft,Need a room mate boy room be full independent contact numbers 91312358,"INDRAPURI SECTOR B, BHOPAL"
"₹ 5,500",1 BHK - 1 Bathroom - 150 sqft,Independent room with washroom,"RACHNA NAGAR, BHOPAL"
"₹ 6,000",1 BHK - 1 Bathroom - 430 sqft,"1 Room, Kitchen & Bathroom on Rent – Gulmohar Colony Bhopal","GULMOHAR COLONY, BHOPAL"
"₹ 2,500",1 BHK - 2 Bathroom - 2500 sqft,Need 1 room partner urgent 2500 rent shivani complex,"MP NAGAR, BHOPAL"
"₹ 3,200",1 BHK - 1 Bathroom - 180 sqft,"Single room available , with common washroom","ASHOKA GARDEN, BHOPAL"
"₹ 6,000",1 BHK - 1 Bathroom - 2000 sqft,Female Room partner needed,"MP NAGAR, BHOPAL"
"₹ 6,000",1 BHK - 1 Bathroom - 200 sqft,Independent Room for rent (Girls Only),"ASHOKA GARDEN, BHOPAL"
"₹ 8,000",1 BHK - 1 Bathroom - 400 sqft,1bhk on rent,"OLD SUBHASH NAGAR, BHOPAL"
"₹ 7,500",1 BHK - 1 Bathroom - 300 sqft,Needed flatmate for 1 or 2 bhk flat boys only,"GULMOHAR COLONY, BHOPAL"
"₹ 5,000",1 BHK - 1 Bathroom - 120 sqft,(ONLY FOR FAMILY) 2 room 1 bathroom kitchen car parking 24/7 water,"KHUSHIPURA, BHOPAL"
"₹ 4,000",1 BHK - 1 Bathroom - 400 sqft,Individual house for rent,"NEHRU NAGAR, BHOPAL"
"₹ 4,000",1 BHK - 1 Bathroom - 450 sqft,1 rk lat bath atched only for girls,"SAKET NAGAR, BHOPAL"
"₹ 3,500",1 BHK - 1 Bathroom - 600 sqft,required a girl roommate for my flat,"SHAHPURA, BHOPAL"
"₹ 6,500",1 BHK - 1 Bathroom - 300 sqft,1 bhk room for rent near piplani,"INDRAPURI SECTOR A, BHOPAL"
"₹ 8,000",1 BHK - 1 Bathroom - 1500 sqft,1bhk for rent,"SAKET NAGAR, BHOPAL"
"₹ 12,000",1 BHK - 1 Bathroom - 800 sqft,1bhk for rent near aura mall,"ARERA COLONY, BHOPAL"
"₹ 5,000",1 BHK - 1 Bathroom - 450 sqft,Single room for rent without kitchen,"ARERA COLONY, BHOPAL"
"₹ 12,000",1 BHK - 1 Bathroom - 600 sqft,1 BHK for rent near AIIMS Bhopal,"SAKET NAGAR, BHOPAL"
"₹ 2,250",1 BHK - 2 Bathroom - 800 sqft,Requirement for female flatmate,"ANSAL PRADHAN ENCLAVE, BHOPAL"
"₹ 4,000",1 BHK - 1 Bathroom - 200 sqft,1rk available for rent,"SAKET NAGAR, BHOPAL"
"₹ 3,500",1 BHK - 1 Bathroom - 150 sqft,"1 Room Sirf Girls ke liye, Bed Or Table ke sath","ASHOKA GARDEN, BHOPAL"
"₹ 3,500",1 BHK - 1 Bathroom - 13 sqft,Affordable Room for Rent in Prime Location,"ROHIT NAGAR, BHOPAL"
"₹ 6,000",1 BHK - 1 Bathroom - 450 sqft,1bhk for rent,"SEMRA, BHOPAL"
"₹ 3,500",1 BHK - 1 Bathroom - 0 sqft,Room for Boys in Rachna Nagar,"MP NAGAR, BHOPAL"
"₹ 5,000",1 BHK - 1 Bathroom - 500 sqft,Flat for rent,"JAHANGIRABAD, BHOPAL"
"₹ 5,500",1 BHK - 1 Bathroom - 250 sqft,Rented Rooms,"SAKET NAGAR, BHOPAL"
"₹ 3,200",1 BHK - 1 Bathroom - 8269222 sqft,Rent For Room,"KOTRA SULTANABAD, BHOPAL"
"₹ 8,000",1 BHK - 1 Bathroom - 560 sqft,1bhk flat for rent in arera E7,"ARERA COLONY, BHOPAL"
"₹ 3,200",1 BHK - 2 Bathroom - 2400 sqft,Looking for female flatmate,"ASHOK VIHAR, BHOPAL"
"₹ 8,000",1 BHK - 1 Bathroom - 550 sqft,Room for rent 1 bhk near AIIMS 80 ft road saket nagar,"SAKET NAGAR, BHOPAL"
"₹ 8,000",1 BHK - 1 Bathroom - 575 sqft,1 bhk flat apartment on rent,"MP NAGAR, BHOPAL"
"₹ 3,000",1 BHK - 1 Bathroom - 120 sqft,Newly constructed room for rent from 3000 to 5000 also negotiable,"ASHOKA GARDEN, BHOPAL"
"₹ 3,000",1 BHK - 1 Bathroom - 400 sqft,Need a roommate,"PRATAP NAGAR, BHOPAL"
"₹ 8,500",1 BHK - 1 Bathroom - 900 sqft,1BHK flat for rent in aura mall,"GULMOHAR COLONY, BHOPAL"
"₹ 6,000",1 BHK - 1 Bathroom - 500 sqft,2 rooms kitchen letbath,"BEIDARPURA, BHOPAL"
"₹ 5,000",1 BHK - 1 Bathroom - 150 sqft,Room rent for students only for boy's,"PRATAP NAGAR, BHOPAL"
"₹ 4,200",1 BHK - 1 Bathroom - 750 sqft,Room for Boys In 2ASaket Nagar Near SBI Bank and AIIMS,"SAKET NAGAR, BHOPAL"
"₹ 10,000",1 BHK - 1 Bathroom - 750 sqft,Rent-selfhome,"SAKET NAGAR, BHOPAL"
"₹ 5,000",1 BHK - 1 Bathroom - 450 sqft,1Rk/ Single room for rent in Ashoka Garden,"ASHOKA GARDEN, BHOPAL"
"₹ 15,000",1 BHK - 1 Bathroom - 1400 sqft,Spacious 1 Bhk room for rent with terrace garden and cozy vibes,"ARERA COLONY, BHOPAL"
"₹ 4,500",1 BHK - 1 Bathroom - 250 sqft,Room rent for girls and family,"HINTOIA VILLAGE, BHOPAL"
"₹ 2,000",1 BHK - 1 Bathroom - 300 sqft,Room for rent only for 2000 Rs,"JHANGIRABAD, BHOPAL"
"₹ 5,000",1 BHK - 1 Bathroom - 450 sqft,Room for rent,"ARERA COLONY, BHOPAL"
"₹ 7,500",1 BHK - 2 Bathroom - 1200 sqft,"Independent 1Bhk and 2Bhk furnished flat for rent (1BHk,2BHK,1BHk,2BHk","KOLAR ROAD, BHOPAL"
"₹ 5,000",1 BHK - 1 Bathroom - 450 sqft,Ground floor,"RUCHI LIFE SCAPES, BHOPAL"
"₹ 2,200",1 BHK - 1 Bathroom - 140 sqft,Single rooms for rent,"KAROD KALAN, BHOPAL"
"₹ 6,000",1 BHK - 1 Bathroom - 490 sqft,Room available for rent 6000 only,"BAG SEWANIA, BHOPAL"
"₹ 5,500",1 BHK - 1 Bathroom - 550 sqft,Rent for small family & clg girls only,"BARKHERI, BHOPAL"
"₹ 6,000",1 BHK - 1 Bathroom - 600 sqft,"Newly Built 1BHK Flat for rent at Jail Road Near Sagar Gaire, Karond","RUSALLI, BHOPAL"
"₹ 3,600",1 BHK - 1 Bathroom - 500 sqft,For rent 1 rk for 2 person full furnished near jk hospital,"KOLAR ROAD, BHOPAL"
"₹ 7,000",1 BHK - 1 Bathroom - 500 sqft,1bhk for rent Rivera Hills prime location Kolar Road,"KOLAR ROAD, BHOPAL"
"₹ 3,000",1 BHK - 1 Bathroom - 140 sqft,Single Room for Rent at Behind Ashima Mall,"BHEL SANGAM AND PRIYADESHINI COLONY, BHOPAL"
"₹ 5,000",1 BHK - 1 Bathroom - 1150 sqft,PRIVATE ROOM & BATHROOM BEHIND AIIMS/BARKATULLAH UNIVERSITY KE PEECHE,"BAG SEWANIA, BHOPAL"
"₹ 6,000",1 BHK - 1 Bathroom - 750 sqft,1BHK HOUSE FOR RENT-ASHIMA MALL,"GANESH NAGAR, BHOPAL"
"₹ 8,000",1 BHK - 1 Bathroom - 0 sqft,Urgent need a roomate,"SANGAM COLONY, BHOPAL"
"₹ 11,000",1 BHK - 1 Bathroom - 900 sqft,1BHK fully furnished for rent danish kunj Kolar Road,"KOLAR ROAD, BHOPAL"
"₹ 5,500",1 BHK - 1 Bathroom - 800 sqft,house for rent,"MISROD, BHOPAL"
"₹ 5,500",1 BHK - 1 Bathroom - 450 sqft,1 BHK Flat Rent Idel for Small Family,"JATKHERI, BHOPAL"
"₹ 6,000",1 BHK - 1 Bathroom - 200 sqft,"COLLEGE GIRLS ROOM (HINDU,Veg)","INDRAPURI, BHOPAL"
"₹ 5,000",1 BHK - 1 Bathroom - 600 sqft,Semi - furnished room for Rent | Ideal for Stundent/Bachelor.,"KAMLA NAGAR, BHOPAL"
"₹ 6,000",1 BHK - 1 Bathroom - 450 sqft,1bhk for rent,"HB COLONY, BHOPAL"
"₹ 4,000",1 BHK - 1 Bathroom - 470 sqft,1BHK Flat for Rent - Family only,"SWARN KUNJ COLONY KATARA, BHOPAL"
"₹ 8,000",1 BHK - 1 Bathroom - 500 sqft,1BHK Gautam Nagar,"GAUTAM NAGAR, BHOPAL"
"₹ 5,500",1 BHK - 1 Bathroom - 500 sqft,1bhk rent out for girls or small family,"AYODHYA NAGAR, BHOPAL"
"₹ 3,500",1 BHK - 1 Bathroom - 0 sqft,Need a room partner girl rent 3500 in danish nagar bhopal,"DANISH SQUARE, BHOPAL"
"₹ 5,000",1 BHK - 1 Bathroom - 120 sqft,Rent pr dena hai only girls,"AAMAR ESTATE, BHOPAL"
"₹ 4,000",1 BHK - 1 Bathroom - 200 sqft,Single room for rent at Ayodhya bypass road,"RAJSAMRAT COLONY, BHOPAL"
"₹ 6,000",1 BHK - 1 Bathroom - 750 sqft,1bhk for rent,"RATANPUR SADAK, BHOPAL"
"₹ 5,500",1 BHK - 1 Bathroom - 250 sqft,Room available for rent only for girls,"GANESH NAGAR, BHOPAL"
"₹ 4,500",1 BHK - 1 Bathroom - 1000 sqft,1bhk flat for girls,"MISROD, BHOPAL"
"₹ 10,000",1 BHK - 1 Bathroom - 1250 sqft,Semi-furnished ayodhya nagar narela jod,"NARILA SHANKARI BHAWANI DHAM SOCIETY, BHOPAL"
"₹ 5,000",1 BHK - 1 Bathroom - 400 sqft,1RK rent out suitable for betchlor,"AYODHYA NAGAR, BHOPAL"
"₹ 9,500",1 BHK - 1 Bathroom - 580 sqft,1bhk flat rent out suitable for working person,"ANAND NAGAR, BHOPAL"
"₹ 4,500",1 BHK - 1 Bathroom - 3000 sqft,1RK for Rent at Narela Jod for girls,"INDRAPURI, BHOPAL"
"₹ 3,500",1 BHK - 1 Bathroom - 128483 sqft,Room for rent,"PATEL NAGAR, BHOPAL"
"₹ 5,000",1 BHK - 1 Bathroom - 600 sqft,Room for rent for family and bachelors,"KAROD KALAN, BHOPAL"
"₹ 5,000",1 BHK - 1 Bathroom - 1100 sqft,1 bhk apartment for rent,"KAROD KALAN, BHOPAL"
"₹ 2,000",1 BHK - 1 Bathroom - 500 sqft,Jisko neelbad ke pass saste room chahiye rent par to batay,"BISHANKHERI, BHOPAL"
"₹ 6,500",1 BHK - 1 Bathroom - 450 sqft,FOR RENT 1 BHK FLAT BEHIND PEOPLES MALL,"BHANPURA, BHOPAL"
"₹ 6,000",1 BHK - 1 Bathroom - 500 sqft,Rent only boys only,"BAWARIA KALAN, BHOPAL"
"₹ 5,000",1 BHK - 1 Bathroom - 750 sqft,Singal room kitchen leth bath,"NARILA SHANKARI, BHOPAL"
"₹ 7,000",1 BHK - 2 Bathroom - 2000 sqft,"For RENT Newly Construct Row House, First Floor Only With New Kitchen.","KATARA HILLS, BHOPAL"
"₹ 14,000",1 BHK - 2 Bathroom - 1000 sqft,1 BHK in Pebble Bay Phase 2 for Rent,"PEBBLE BEY HOUSING SOCIETY, BHOPAL"
"₹ 2,000",1 BHK - 1 Bathroom - 1900 sqft,Need two room partners only Engineering Students ro,"ANAND NAGAR, BHOPAL"
"₹ 3,500",1 BHK - 1 Bathroom - 170 sqft,Rooms available for students only,"NANBI BAGH, BHOPAL"
"₹ 3,000",1 BHK - 1 Bathroom - 150 sqft,Room Rent for Students,"AYODHYA NAGAR EXTENTION, BHOPAL"
"₹ 3,000",1 BHK - 1 Bathroom - 120 sqft,To-let only for girls 3000 per room & 1r+k+w 4800/-,"DEEP MOHINI PARISAR, BHOPAL"
"₹ 4,000",1 BHK - 1 Bathroom - 350 sqft,1 RK @4000/- Single room For Rent- Semi furnished,"KAROD KALAN, BHOPAL"
"₹ 5,000",1 BHK - 1 Bathroom - 250 sqft,Room For Rent Only for Students ( No vehicles allowed),"NARILA SHANKARI KARAMVEER NAGAR, BHOPAL"
"₹ 5,000",1 BHK - 1 Bathroom - 355 sqft,Aashima mall ke paas 1RK ( fully independent ) no brokerage,"JATKHERI, BHOPAL"
"₹ 5,000",1 BHK - 1 Bathroom - 1000 sqft,1 bhk for rent,"AWADHPURI, BHOPAL"
"₹ 6,000",1 BHK - 1 Bathroom - 1800 sqft,Boys hostel with food and wifi RO And all the facilities.,"INDRAPURI, BHOPAL"
"₹ 6,000",1 BHK - 1 Bathroom - 450 sqft,"1BHK & 2BHK flats for Rent at Shahjahanabad,Bhopal","SHAHJAHANABAD, BHOPAL"
"₹ 4,000",1 BHK - 1 Bathroom - 550 sqft,"1 bhk new only for girls,boy not allowed","AYODHYA NAGAR EXTENTION, BHOPAL"
"₹ 6,800",1 BHK - 1 Bathroom - 300 sqft,Single Room Available For Rent,"ARJUN NAGAR, BHOPAL"
"₹ 9,000",1 BHK - 1 Bathroom - 800 sqft,1bhk falt for Rent Bimakunj Kolar Road,"KOLAR ROAD, BHOPAL"
"₹ 5,500",1 BHK - 1 Bathroom - 180 sqft,Only One Room with l/b for rent,"AAKRITI ECOCITY, BHOPAL"
"₹ 6,000",1 BHK - 1 Bathroom - 400 sqft,1 bhk nd single room also available,"AYODHYA NAGAR EXTENTION, BHOPAL"
"₹ 2,800",1 BHK - 1 Bathroom - 700 sqft,Rooms available near karond,"RUSALLI, BHOPAL"
"₹ 3,500",1 BHK - 1 Bathroom - 300 sqft,1 RK independent flat for rent in yugantar colony Awadhpuri bhopal,"BARKHERA PATHANI, BHOPAL"
"₹ 8,000",1 BHK - 1 Bathroom - 750 sqft,"Flat for rent 1bhk, 4bhk and single room","ISRO COLONY, BHOPAL"
"₹ 10,000",1 BHK - 1 Bathroom - 1000 sqft,Rooms/flat for rent,"BARKHERI, BHOPAL"
"₹ 6,000",1 BHK - 1 Bathroom - 550 sqft,"1BHK (RK)FLAT FOR RENTFOR STUDENTS / BACHELORS AT AIRPORT ROAD, BHOPAL","PANCHVATI, BHOPAL"
"₹ 15,000",1 BHK - 1 Bathroom - 500 sqft,HOTEL STYLED 1BHK,"BAGH MUNGALIYA, BHOPAL"
"₹ 6,500",1 BHK - 1 Bathroom - 300 sqft,1 bhk room with lat bat attached single room also available,"PIPLANI, BHOPAL"
"₹ 7,000",1 BHK - 1 Bathroom - 800 sqft,1bhk partporsan for rent in revera hill view colony near jlu college,"KOLAR ROAD, BHOPAL"
"₹ 13,000",1 BHK - 1 Bathroom - 800 sqft,"1BHK flat for rent, fully Farnishad Aura mall Gulmohar colony","KOLAR ROAD, BHOPAL"
"₹ 4,500",1 BHK - 1 Bathroom - 2400 sqft,Argent on rent 1 big hall .attach kitchen only student or bechllers,"RAJEEV NAGAR, BHOPAL"
"₹ 7,500",1 BHK - 1 Bathroom - 800 sqft,Full independent flat near Yadav tea stall indrapuri sector 3,"INDRAPURI C SECTOR, BHOPAL"
"₹ 7,500",1 BHK - 1 Bathroom - 1000 sqft,1 BHK Room for rent in Bagmugaliya,"BAGH MUNGALIYA, BHOPAL"
"₹ 6,000",1 BHK - 1 Bathroom - 300 sqft,1 bhk for rent,"PIPLANI, BHOPAL"
"₹ 4,500",1 BHK - 1 Bathroom - 500 sqft,Flat for rent,"KATARA HILLS, BHOPAL"
"₹ 6,700",1 BHK - 1 Bathroom - 1500 sqft,1BHK Rent for 2 Person (6700/-),"AWADHPURI, BHOPAL"
"₹ 3,000",,1 bhk room rent available for girls and fmly,"PALASI, BHOPAL"
"₹ 7,000",1 BHK - 1 Bathroom - 1000 sqft,Room for rent,"BAGH MUNGALIYA, BHOPAL"
"₹ 6,000",1 BHK - 1 Bathroom - 400 sqft,1bhk available for rent,"PRAKASH NAGAR, BHOPAL"
"₹ 4,500",1 BHK - 1 Bathroom - 550 sqft,1 BHK flat for rent,"MALIKHERI, BHOPAL"
"₹ 2,500",1 BHK - 1 Bathroom - 100 sqft,Room for rent only for girls,"KOLAR ROAD, BHOPAL"
"₹ 2,500",1 BHK - 1 Bathroom - 200 sqft,Room For Rent-Single person,"LAHARPUR, BHOPAL"
"₹ 3,000",1 BHK - 1 Bathroom - 600 sqft,Need a Roommate/Flatmate,"SWARN KUNJ COLONY KATARA, BHOPAL"
"₹ 5,500",1 BHK - 1 Bathroom - 1212 sqft,Independent,"ANAND NAGAR, BHOPAL"
"₹ 3,000",1 BHK - 1 Bathroom - 500 sqft,Rental property,"NAGARJUN NAGAR, BHOPAL"
"₹ 12,500",1 BHK - 1 Bathroom - 750 sqft,1bhk fully furnished flat for rent Gulmohar colony,"KOLAR ROAD, BHOPAL"
"₹ 2,500",1 BHK - 1 Bathroom - 180 sqft,One Room with attached let bath,"KOLAR ROAD, BHOPAL"
"₹ 8,000",1 BHK - 1 Bathroom - 900 sqft,1 BHK for Boys and Family,"KOLAR ROAD, BHOPAL"
"₹ 4,400",1 BHK - 1 Bathroom - 300 sqft,1 RK for rent,"AYODHYA NAGAR, BHOPAL"
"₹ 3,999",1 BHK - 1 Bathroom - 250 sqft,Room for rent Tolet,"RAJSAMRAT COLONY, BHOPAL"
"₹ 2,000",1 BHK - 1 Bathroom - 1000 sqft,I need a roommate urgently,"ANAND NAGAR, BHOPAL"
"₹ 4,500",1 BHK - 1 Bathroom - 500 sqft,1 bhk flat available karodh near sai hospital,"NANBI BAGH, BHOPAL"
"₹ 3,000",1 BHK - 1 Bathroom - 200 sqft,1 room available for rent in Kolar road,"KOLAR ROAD, BHOPAL"
"₹ 3,200",1 BHK - 1 Bathroom - 700 sqft,Roommate for flat for girls,"NARILA SHANKARI HAZRAT NIZAMUDDIN COLONY, BHOPAL"
"₹ 2,700",1 BHK - 1 Bathroom - 180 sqft,One room with attached let bath,"DANISH SQUARE, BHOPAL"
"₹ 4,000",1 BHK - 1 Bathroom - 1000 sqft,Need flatmate,"GAUTAM NAGAR, BHOPAL"
"₹ 27,000",1 BHK - 2 Bathroom - 320 sqft,Office space on Rent,"DANISH SQUARE, BHOPAL"
"₹ 6,000",1 BHK - 1 Bathroom - 580 sqft,1BHK (Total:2) and Single Room (1RK) for rent near Bimakunj kolar road,"KOLAR ROAD, BHOPAL"
"₹ 5,000",1 BHK - 1 Bathroom - 1200 sqft,"1bhk independent flat available for rent, for bachelors and family all","BARKHERI, BHOPAL"
"₹ 8,500",1 BHK - 1 Bathroom - 800 sqft,"1 bhk independent Flat , Rajeev nagar Sector A","RAJEEV NAGAR A BLOCK, BHOPAL"
"₹ 10,000",1 BHK - 1 Bathroom - 900 sqft,very good maintain room for rent condition,"NEGRI, BHOPAL"
"₹ 6,500",1 BHK - 1 Bathroom - 800 sqft,1bhk flat for rent in good shepherd colony near by bema kunj six line,"KOLAR ROAD, BHOPAL"
"₹ 7,500",1 BHK - 1 Bathroom - 800 sqft,1bhk Duplex part poshan Rivera Hills Kolar road,"KOLAR ROAD, BHOPAL"
"₹ 8,000",1 BHK - 1 Bathroom - 400 sqft,1 bhk semi furnished rooms for rent for college students,"AAMAR ESTATE, BHOPAL"
"₹ 7,500",1 BHK - 1 Bathroom - 400 sqft,1BHK room for rent,"AAMAR ESTATE, BHOPAL"
"₹ 10,000",1 BHK - 1 Bathroom - 430 sqft,"1 बीएचके फ्लैट विथ फर्निश्ड, बेड, सोफा ,अलमारी, कूलर, गैस ,गीजर ,","AYODHYA NAGAR EXTENTION, BHOPAL"
"₹ 4,500",1 BHK - 1 Bathroom - 8000 sqft,1RK for rent near shrawan kanta main toad,"NARILA SHANKARI BALAJI NAGAR, BHOPAL"
"₹ 4,000",1 BHK - 1 Bathroom - 500 sqft,Small independent house for rent,"KOLAR ROAD, BHOPAL"
"₹ 3,500",1 BHK - 1 Bathroom - 700 sqft,Duplex flat,"BARWAI, BHOPAL"
"₹ 3,800",1 BHK - 1 Bathroom - 250 sqft,Single Room for Rent,"VIJAY NAGAR, BHOPAL"
"₹ 8,000",1 BHK - 1 Bathroom - 1000 sqft,1BHK flat for rent in hoshangabad road,"JATKHERI, BHOPAL"
"₹ 7,500",1 BHK - 1 Bathroom - 500 sqft,Near banden bank,"DANISH SQUARE, BHOPAL"
"₹ 5,000",1 BHK - 1 Bathroom - 1000 sqft,1 BHK FLAT FOR RENT,"KAROD KALAN, BHOPAL"
"₹ 15,000",1 BHK - 2 Bathroom - 1100 sqft,Rent for good family,"TAGORE NAGAR, BHOPAL"
"₹ 6,000",1 BHK - 1 Bathroom - 350 sqft,Room for rent,"AYODHYA NAGAR EXTENTION, BHOPAL"
"₹ 7,000",1 BHK - 1 Bathroom - 1000 sqft,To let for rent,"BHEL SANGAM AND PRIYADESHINI COLONY, BHOPAL"
"₹ 3,000",1 BHK - 1 Bathroom - 200 sqft,Single room with lat bath for rent,"BAGH MUNGALIYA, BHOPAL"
"₹ 7,500",1 BHK - 1 Bathroom - 450 sqft,One bhk for rent,"AYODHYA NAGAR, BHOPAL"
"₹ 3,000",1 BHK - 1 Bathroom - 200 sqft,I want to rented out 1 Room with attach latebath,"KHEJRA BARAMAD, BHOPAL"
"₹ 4,500",1 BHK - 1 Bathroom - 200 sqft,For rent only for girls,"NANBI BAGH, BHOPAL"
"₹ 3,500",1 BHK - 1 Bathroom - 255 sqft,1BHK room for rent in East facing house with parking available,"BARKHERA PATHANI, BHOPAL"
"₹ 4,500",1 BHK - 1 Bathroom - 900 sqft,Need urgent female faltmate for 1 bhk flat on rent,"NEW MINAL RESIDENCY, BHOPAL"
"₹ 5,000",1 BHK - 1 Bathroom - 450 sqft,1 bhk (only for girls),"ECO GREEN CITY, BHOPAL"
"₹ 7,000",1 BHK - 1 Bathroom - 600 sqft,For small family It's a part of a house made for rent out .,"GAYATRI VIHAR, BHOPAL"
"₹ 12,000",1 BHK - 1 Bathroom - 850 sqft,1bhk falt for rent Fully furnished Gulmohar colony prime location,"KOLAR ROAD, BHOPAL"
"₹ 12,000",1 BHK - 1 Bathroom - 900 sqft,1bhk falt for rent Fully furnished prime location chunabhatti,"KOLAR ROAD, BHOPAL"
"₹ 12,000",1 BHK - 2 Bathroom - 1200 sqft,1bhk partportion for rent in Ashirwad colony banjari kolar road,"KOLAR ROAD, BHOPAL"
"₹ 7,500",1 BHK - 1 Bathroom - 800 sqft,Rent purpose,"VALLABH NAGAR, BHOPAL"
"₹ 4,000",1 BHK - 1 Bathroom - 400 sqft,Rent for 4000 rs no wargning pls,"KAROD KALAN, BHOPAL"
"₹ 5,500",1 BHK - 1 Bathroom - 800 sqft,House for rent,"CRSYTAL IDEAL CITY, BHOPAL"
"₹ 8,000",1 BHK - 1 Bathroom - 800 sqft,Need a girl roommate for 1bhk independent flat.,"BAWARIA KALAN, BHOPAL"
"₹ 6,500",1 BHK - 1 Bathroom - 600 sqft,Newly built 1 bhk flat for rent,"FIRDOS NAGAR, BHOPAL"
"₹ 3,500",1 BHK - 1 Bathroom - 200 sqft,Student ke liye aur bachelor ke liye,"KOLAR ROAD, BHOPAL"
"₹ 2,500",1 BHK - 2 Bathroom - 500 sqft,For Room patner 1 bhk flat for girl only,"KAROD KALAN, BHOPAL"
"₹ 3,000",1 BHK - 1 Bathroom - 120 sqft,Room rent 1 st floor ayodhiya Extension,"AYODHYA NAGAR EXTENTION, BHOPAL"
"₹ 4,000",1 BHK - 1 Bathroom - 500 sqft,Only for rent,"AYODHYA NAGAR, BHOPAL"
"₹ 7,500",1 BHK - 1 Bathroom - 7000 sqft,To-let furnished studio apartment (1hk),"AAMAR ESTATE, BHOPAL"
"₹ 8,000",1 BHK - 1 Bathroom - 600 sqft,Small family,"ARVIND VIHAR WEST, BHOPAL"
"₹ 3,000",1 BHK - 1 Bathroom - 200 sqft,Room for Rent,"AWADHPURI, BHOPAL"
"₹ 1,000",1 BHK - 1 Bathroom - 150 sqft,Room available for rent,"NANBI BAGH, BHOPAL"
"₹ 7,000",1 BHK - 1 Bathroom - 450 sqft,1 BHK available for rent,"KOLAR ROAD, BHOPAL"
"₹ 6,000",1 BHK - 1 Bathroom - 225 sqft,Room with attached bathroom,"AYODHYA NAGAR, BHOPAL"
"₹ 10,000",1 BHK - 1 Bathroom - 500 sqft,1BHK FLAT & PG Available for Rent,"KOLAR ROAD, BHOPAL"
"₹ 4,500",1 BHK - 1 Bathroom - 165 sqft,Room for rent only for girls,"NARILA SHANKARI CHATRASHAL NAGAR, BHOPAL"
"₹ 6,500",1 BHK - 1 Bathroom - 700 sqft,1bhk for rent in mandakini colony,"KOLAR ROAD, BHOPAL"
"₹ 2,500",1 Bds - 1 Ba - 300 ft2,Need female flatmate,"KOLAR ROAD, BHOPAL"
"₹ 6,000",1 Bds - 1 Ba - 1200 ft2,1 BHK and 2 BHK,"NARILA SHANKARI DURGESH VIHAR COLONY, BHOPAL"
"₹ 4,000",1 BHK - 1 Bathroom - 300 sqft,A big size Single room with attached kitchen Rent 4000,"RATANPUR SADAK, BHOPAL"
"₹ 3,000",1 BHK - 1 Bathroom - 1500 sqft,Coaching Space,"KOKTA, BHOPAL"
"₹ 4,000",1 BHK - 1 Bathroom - 600 sqft,1 bhk flat on rent,"GONDARMAU, BHOPAL"
"₹ 3,500",1 BHK - 1 Bathroom - 750 sqft,Room rent only for girls,"BAIRAGARH KALAN, BHOPAL"
"₹ 4,500",1 BHK - 2 Bathroom - 600 sqft,2 and 3 bhk also available,"KOKTA, BHOPAL"
"₹ 3,300",1 BHK - 1 Bathroom - 550 sqft,Single Room with balcony,"RATANPUR SADAK, BHOPAL"
"₹ 4,500",1 BHK - 1 Bathroom - 350 sqft,Non furnished flat,"KOKTA, BHOPAL"
"₹ 4,000",1 BHK - 2 Bathroom - 15000 sqft,FARM HOUSE FOR RENT,"PIPALNER, BHOPAL"
"₹ 2,500",1 BHK - 1 Bathroom - 450 sqft,Argent me ghar rent pe dena hai,"KOKTA, BHOPAL"
"₹ 8,000",1 BHK - 1 Bathroom - 350 sqft,1 bhk furnished flat,"GONDARMAU, BHOPAL"
"₹ 2,500",1 BHK - 1 Bathroom - 800 sqft,"Need a roommate(5k room rent, independent)","KOKTA, BHOPAL"
"₹ 3,500",1 BHK - 1 Bathroom - 650 sqft,ROOM ON RENT Rs 3500 per month near RGPV college,"ABBAS NAGAR, BHOPAL"
"₹ 3,600",1 BHK - 1 Bathroom - 1200 sqft,Faimly base 1 bhk flat rent available separately bathroom,"KOKTA, BHOPAL"
"₹ 5,500",1 BHK - 1 Bathroom - 480 sqft,1 bhk flat,"KOKTA, BHOPAL"
"₹ 5,500",1 BHK - 1 Bathroom - 600 sqft,1 BHK for rent in kokta near trinity college,"KOKTA, BHOPAL"
"₹ 5,000",1 BHK - 1 Bathroom - 450 sqft,Arvind properties,"KOKTA, BHOPAL"
"₹ 14,000",3 BHK - 2 Bathroom - 850 sqft,"INDEPENDENT 3BHK, TWO 2BHK SEMI FURNISHED FLAT FOR EVERYONE","GULMOHAR COLONY, BHOPAL"
"₹ 20,000",3 BHK - 2 Bathroom - 1100 sqft,For rent 3 BHK flat in Chuna Bhatti Kolar road Bhopal,"CHUNABHATTI, BHOPAL"
"₹ 11,000",3 BHK - 3 Bathroom - 1050 sqft,3BHK PENTHOUSE FOR RENT,"CHUNABHATTI, BHOPAL"
"₹ 45,000",3 BHK - 3 Bathroom - 1850 sqft,Rent for 3bhk flat semi furnished covered campus near by mp nagar,"MP NAGAR, BHOPAL"
"₹ 18,000",3 BHK - 2 Bathroom - 1200 sqft,Rent for 3bhk Flat semi furnished covered campus .,"ROHIT NAGAR, BHOPAL"
"₹ 20,000",3 BHK - 3 Bathroom - 1600 sqft,Rent for 3bhk flat semi furnished covered campus near by bawdiya kala,"ROHIT NAGAR, BHOPAL"
"₹ 30,000",3 BHK - 3 Bathroom - 3500 sqft,Rent for 3bhk builder floor first floor semi furnished arera colony.,"ARERA COLONY, BHOPAL"
"₹ 15,000",3 BHK - 2 Bathroom - 1200 sqft,Rent for 3bhk flat unfurnished arera colony E-7,"ARERA COLONY, BHOPAL"
"₹ 20,000",3 BHK - 3 Bathroom - 1600 sqft,Rent for 3bhk Duplex semi furnished covered campus bawdiya Kala.,"ROHIT NAGAR, BHOPAL"
"₹ 5,100",3 BHK - 3 Bathroom - 0 sqft,"1 room avlv for rent Lift no 14, 2nd floor Rachna tower Bhopal","RACHNA NAGAR, BHOPAL"
"₹ 35,000",3 BHK - 3 Bathroom - 2100 sqft,Rent for 3bhk Duplex semi furnished near gut hospital Chunabhatti.,"CHUNABHATTI, BHOPAL"
"₹ 25,000",3 BHK - 3 Bathroom - 1800 sqft,3bhk newly constructed flat for rent near aura mall,"ARERA COLONY, BHOPAL"
"₹ 30,000",3 BHK - 2 Bathroom - 1200 sqft,"3 BHK Furnished 10 No market, E-3 Arera Colony","ARERA COLONY, BHOPAL"
"₹ 14,999",3 BHK - 2 Bathroom - 768 sqft,"3 BHK 600 sq.ft. flat on rent near posh 10 No.Market, E-7 Arera Colony","ARERA COLONY, BHOPAL"
"₹ 26,000",3 BHK - 3 Bathroom - 1400 sqft,3Bhk Flat For Rent,"GULMOHAR COLONY, BHOPAL"
"₹ 13,000",3 BHK - 3 Bathroom - 1700 sqft,For rent 3 BHK flat in Chuna Bhatti Kolar road Bhopal,"CHUNABHATTI, BHOPAL"
"₹ 25,000",3 BHK - 2 Bathroom - 1000 sqft,For rent urgent,"MP NAGAR ZONE 2, BHOPAL"
"₹ 11,000",3 BHK - 2 Bathroom - 1300 sqft,3bhk independent flat with terrace near akriti ecocity,"ROHIT NAGAR, BHOPAL"
"₹ 22,000",3 BHK - 3 Bathroom - 1800 sqft,3BHK DUPLEX FOR RENT,"ROHIT NAGAR, BHOPAL"
"₹ 23,000",3 BHK - 3 Bathroom - 2000 sqft,3BHK SEMI FURNISHED DUPLEX COVERD CAMPUS FOR RENT,"ROHIT NAGAR, BHOPAL"
"₹ 23,000",3 BHK - 3 Bathroom - 1200 sqft,COMMERCIAL+RESIDENCIAL 1FLOOR FOR RENT,"CHUNABHATTI, BHOPAL"
"₹ 25,000",3 BHK - 3 Bathroom - 1600 sqft,3 BHK FLAT FOR RENT,"ARERA COLONY, BHOPAL"
"₹ 30,000",3 BHK - 3 Bathroom - 2400 sqft,3 BHK DUPLEX FOR RENT,"ROHIT NAGAR, BHOPAL"
"₹ 60,000",3 BHK - 3 Bathroom - 2000 sqft,3bhk fully furnished flat in campus ...,"ARERA COLONY, BHOPAL"
"₹ 11,000",3 BHK - 2 Bathroom - 2800 sqft,Need female partner,"KOLAR ROAD, BHOPAL"
"₹ 50,00,000",3 BHK - 2 Bathroom - 1500 sqft,"Spacious 3 BHK E7 ARERA COLONY BHOPAL, 24 HRS MUNICIPAL WATER SUPPLY","ARERA COLONY, BHOPAL"
"₹ 32,00,000",3 BHK - 3 Bathroom - 1050 sqft,Sell for 3bhk falte,"APEX BANK COLONY, BHOPAL"
"₹ 33,000",3 BHK - 2 Bathroom - 1400 sqft,3 bhk luxury Fully furnished flat closed campus rohit nagar,"GULMOHAR COLONY, BHOPAL"
"₹ 14,500",3 BHK - 2 Bathroom - 900 sqft,Best location with all amenities,"TT NAGAR, BHOPAL"
"₹ 18,000",3 BHK - 2 Bathroom - 1100 sqft,3 bhk flat furnished in Shahpura colony,"SHAHPURA, BHOPAL"
"₹ 12,000",3 BHK - 2 Bathroom - 1000 sqft,3 bhk flat for boy in rohit nagar,"ROHIT NAGAR, BHOPAL"
"₹ 26,000",3 BHK - 3 Bathroom - 1700 sqft,3bhk bunglow for rent near shahpura thana,"SHAHPURA, BHOPAL"
"₹ 13,800",3 BHK - 3 Bathroom - 1250 sqft,3 bhk flat semi furnished in e_7,"ARERA COLONY, BHOPAL"
"₹ 18,000",3 BHK - 2 Bathroom - 1300 sqft,"3 BHK Furnished Flat, Opp. Aura Mall","GULMOHAR COLONY, BHOPAL"
"₹ 14,000",3 BHK - 3 Bathroom - 1200 sqft,3bhk flat in covard campus.near by road..,"ROHIT NAGAR, BHOPAL"
"₹ 15,000",3 BHK - 2 Bathroom - 1200 sqft,Opposite Aura Mall,"GULMOHAR COLONY, BHOPAL"
"₹ 22,000",3 BHK - 3 Bathroom - 1650 sqft,Duplex For Rent (Family Only),"ROHIT NAGAR, BHOPAL"
"₹ 11,500",3 BHK - 2 Bathroom - 1000 sqft,"3 BHK for rent in Ashok Vihar, Nagar Nigam Colony, Bhopal.","ASHOK VIHAR, BHOPAL"
"₹ 15,000",3 BHK - 2 Bathroom - 1500 sqft,3bhk duplex for rent only for government employees,"ARERA COLONY, BHOPAL"
"₹ 17,000",3 BHK - 2 Bathroom - 1200 sqft,3bhk for rent near aura mall complete house,"ARERA COLONY, BHOPAL"
"₹ 45,000",3 BHK - 3 Bathroom - 1500 sqft,3bhk semi furnised with servent room,"MP NAGAR, BHOPAL"
"₹ 12,000",3 BHK - 3 Bathroom - 1600 sqft,3bhk independent semifurnished flat near akriti ecocity,"ROHIT NAGAR, BHOPAL"
"₹ 13,500",3 BHK - 2 Bathroom - 1200 sqft,"13500 maintenance including students,medical ke ho family bhi ho","JHANGIRABAD, BHOPAL"
"₹ 17,500",3 BHK - 2 Bathroom - 1200 sqft,3 bhk flat furnished in rohit nagar,"ROHIT NAGAR, BHOPAL"
"₹ 18,200",3 BHK - 2 Bathroom - 1100 sqft,Newly 3 bhk flat semi furnished in rohit nagar,"ROHIT NAGAR, BHOPAL"
"₹ 22,000",3 BHK - 3 Bathroom - 2000 sqft,3 bhk flat semi furnished in rohit nagar,"ROHIT NAGAR, BHOPAL"
"₹ 18,000",3 BHK - 2 Bathroom - 1200 sqft,Rent for flat 3bhk Paras city campus E-3 arera colony 10no. Market,"ARERA COLONY, BHOPAL"
"₹ 3,333",3 BHK - 2 Bathroom - 1000 sqft,Looking for a female flatmate for one of our room,"LALA LAJPAT RAI COLONY, BHOPAL"
"₹ 19,500",3 BHK - 2 Bathroom - 1100 sqft,3 bhk flat semi furnished in rohit nagar,"ROHIT NAGAR, BHOPAL"
"₹ 15,500",3 BHK - 2 Bathroom - 1400 sqft,3 bhk flat semi furnished in rohit nagar,"ROHIT NAGAR, BHOPAL"
"₹ 15,000",3 BHK - 3 Bathroom - 1500 sqft,3bhk independent semifurnished duplex available for rent,"ROHIT NAGAR, BHOPAL"
"₹ 30,000",3 BHK - 3 Bathroom - 1600 sqft,3bhk flat for rent Astar Royal aakruti Eco City prime location,"ROHIT NAGAR, BHOPAL"
"₹ 14,000",3 BHK - 2 Bathroom - 1101 sqft,"Located in Awadhpuri, basic shops are nearby.","AWADHPURI, BHOPAL"
"₹ 13,000",3 BHK - 3 Bathroom - 1300 sqft,Duplex available on rent for small family,"PALLAVI NAGAR COLONY, BHOPAL"
"₹ 11,000",3 BHK - 2 Bathroom - 1350 sqft,"3BHK Covered campus Fully ventilated, Sunlight, covered parking","BAWARIA KALAN, BHOPAL"
"₹ 18,999",3 BHK - 2 Bathroom - 1098 sqft,Independent Semi furnished 3BHK flat for rent(negotiable),"NEW MINAL RESIDENCY, BHOPAL"
"₹ 25,000",3 BHK - 2 Bathroom - 1450 sqft,"Only family. Drink, non veg not allow. Rent 25000 .","KATARA HILLS, BHOPAL"
"₹ 11,000",3 BHK - 2 Bathroom - 1250 sqft,FOR RENT 3-BHK FLAT COVERED CAMPUS LIFT LGA BEST LOCATION NEAR PEOPLES,"KAROD KALAN, BHOPAL"
"₹ 5,500",3 BHK - 2 Bathroom - 0 sqft,FLATMATE WANTED IN BHOPAL,"INDRAPURI, BHOPAL"
"₹ 16,000",3 BHK - 2 Bathroom - 1200 sqft,3bhk duplex for rent Jain mandir Danish Kunj prime location Kolar road,"KOLAR ROAD, BHOPAL"
"₹ 18,500",3 BHK - 3 Bathroom - 2400 sqft,3BHK duplex house for rent ci park view near neta ji hills Kolar road,"KOLAR ROAD, BHOPAL"
"₹ 25,000",3 BHK - 3 Bathroom - 1600 sqft,3bhk falt for rent virasha hights Kolar Road,"KOLAR ROAD, BHOPAL"
"₹ 16,000",3 BHK - 3 Bathroom - 1500 sqft,3bhk Duplex for rent prime avenue Homes Danish kunj Kolar Road,"KOLAR ROAD, BHOPAL"
"₹ 21,000",3 BHK - 3 Bathroom - 2100 sqft,3 BHK duplex for rent AG classic nearby CI Park Mandakini Kolar road,"KOLAR ROAD, BHOPAL"
"₹ 18,000",3 BHK - 3 Bathroom - 1500 sqft,3 BHK duplex for rent Shiv Janki vatika near Mansarovar dental College,"KOLAR ROAD, BHOPAL"
"₹ 10,000",3 BHK - 2 Bathroom - 1000 sqft,3BHK DUPLEX FOR RENT IN OLD MINAL RESIDENCY GATE NO 02,"OLD MINAL RESIDENCY, BHOPAL"
"₹ 11,000",3 BHK - 2 Bathroom - 1250 sqft,PEOPLES MALL K PASS 3-BHK FLAT RENT PE DENA HAI COVERED CAMPUS COLONY,"KAROD KALAN, BHOPAL"
"₹ 45,000",3 BHK - 3 Bathroom - 1350 sqft,Rent for 3bhk flat fully furnished covered campus shalimar fortleza,"MISROD, BHOPAL"
"₹ 25,000",3 BHK - 3 Bathroom - 1500 sqft,RENT FLAT & DUPLEX Full furnished 2 & 3 bhk,"OLD MINAL RESIDENCY, BHOPAL"
"₹ 19,000",3 BHK - 3 Bathroom - 1500 sqft,Rent for 3bhk flat semi furnished covered campus near by JK hospital,"KOLAR ROAD, BHOPAL"
"₹ 20,000",3 BHK - 2 Bathroom - 1200 sqft,Rent for 3bhk flat semi furnished covered campus near Road.,"MISROD, BHOPAL"
"₹ 32,000",3 BHK - 2 Bathroom - 1200 sqft,Rent for 3bhk flat fully furnished covered campus near main road.,"MISROD, BHOPAL"
"₹ 11,000",3 BHK - 3 Bathroom - 1100 sqft,Duplex[3bhk] for rent,"KOLAR ROAD, BHOPAL"
"₹ 25,000",3 BHK - 3 Bathroom - 2300 sqft,3BHK DUPLEX FOR RENT IN PALACE ORCHARD COLONY KOLAR ROAD BHOPAL,"KOLAR ROAD, BHOPAL"
"₹ 17,000",3 BHK - 2 Bathroom - 1200 sqft,3BHK for rent in kohefiza,"KOH E FIZA, BHOPAL"
"₹ 22,000",3 BHK - 3 Bathroom - 2000 sqft,Rent for 3bhk Duplex semi furnished covered campus near JK Hospital.,"KOLAR ROAD, BHOPAL"
"₹ 2,933",3 BHK - 2 Bathroom - 145 sqft,need 2 female room mates,"KOLAR ROAD, BHOPAL"
"₹ 4,500",3 BHK - 2 Bathroom - 1000 sqft,Looking for a chilling female roommate,"AWADHPURI, BHOPAL"
"₹ 17,000",3 BHK - 3 Bathroom - 1400 sqft,House on Rent,"KHAJURI KALAN, BHOPAL"
"₹ 13,000",3 BHK - 3 Bathroom - 1000 sqft,3 bhk independent House for rent,"PIPLANI, BHOPAL"
"₹ 9,000",3 BHK - 1 Bathroom - 700 sqft,Property on rent for bachelors or small family,"AYODHYA NAGAR, BHOPAL"
"₹ 6,000",3 BHK - 2 Bathroom - 1200 sqft,Pg for girls,"KOLAR ROAD, BHOPAL"
"₹ 15,000",3 BHK - 3 Bathroom - 2200 sqft,"3 BHK Duplex Is Available for Rent in Nikhil Bunglow Phase-3, Bhopal","NIKHIL PHASE 2, BHOPAL"
"₹ 3,000",3 BHK - 2 Bathroom - 997 sqft,"Searching for girl flatmate , separate room","BHANPURA, BHOPAL"
"₹ 15,500",3 BHK - 2 Bathroom - 1150 sqft,3bhk flat for rent in Orchard square palace orchid colony in kolar,"KOLAR ROAD, BHOPAL"
"₹ 7,000",3 BHK - 3 Bathroom - 1800 sqft,Flatmate female required,"KOLAR ROAD, BHOPAL"
"₹ 4,000",3 BHK - 2 Bathroom - 120 sqft,Female Flatmate for 3 BHK Fully Furnished Flat,"KOLAR ROAD, BHOPAL"
"₹ 5,500",3 BHK - 1 Bathroom - 1250 sqft,Home for rent,"KAROD KALAN, BHOPAL"
"₹ 12,000",3 BHK - 3 Bathroom - 1400 sqft,3BHK FLAT FOR RENT KOLAR,"KOLAR ROAD, BHOPAL"
"₹ 15,000",3 BHK - 3 Bathroom - 1200 sqft,3BHK FLAT FOR RENT,"KOLAR ROAD, BHOPAL"
"₹ 18,000",3 BHK - 3 Bathroom - 2800 sqft,3BHK DUPLEX FOR RENT,"KOLAR ROAD, BHOPAL"
"₹ 14,000",3 BHK - 2 Bathroom - 1250 sqft,3BHK FLAT FOR RENT,"KOLAR ROAD, BHOPAL"
"₹ 26,000",3 BHK - 3 Bathroom - 1800 sqft,3BHK DUPLEX FOR RENT,"AAKRITI ECOCITY, BHOPAL"
"₹ 25,000",3 BHK - 3 Bathroom - 1800 sqft,3BHK DUPLEX FOR RENT,"KOLAR ROAD, BHOPAL"
"₹ 17,000",3 BHK - 3 Bathroom - 1400 sqft,3 BHK FLAT FOR RENT,"DANISH SQUARE, BHOPAL"
"₹ 12,000",3 BHK - 3 Bathroom - 1200 sqft,3BHK SEMI FURNISHED FLAT FOR RENT,"AAKRITI ECOCITY, BHOPAL"
"₹ 60,000",3 BHK - 3 Bathroom - 2500 sqft,3BHK DUPLEX COMMERCIAL FOR RENT,"KOLAR ROAD, BHOPAL"
"₹ 30,000",3 BHK - 3 Bathroom - 2000 sqft,3 BHK DUPLEX FOR COMMERCIAL USE RENT,"KOLAR ROAD, BHOPAL"
"₹ 21,000",3 BHK - 2 Bathroom - 2000 sqft,3bhk duplex rent out for family,"NEW MINAL RESIDENCY, BHOPAL"
"₹ 12,500",3 BHK - 3 Bathroom - 800 sqft,3BHK Duplex On Rent,"AWADHPURI, BHOPAL"
"₹ 14,000",3 BHK - 2 Bathroom - 1200 sqft,3bhk Duplex house for rent in sarvdhram D sector in Kolar Road Bhopal,"KOLAR ROAD, BHOPAL"
"₹ 20,000",3 BHK - 3 Bathroom - 1450 sqft,3bhk Duplex house for rent in ag classic covered campus colony,"KOLAR ROAD, BHOPAL"
"₹ 30,000",3 BHK - 3 Bathroom - 1450 sqft,3bhk fully furnished duplex house for rent in place orchid colony,"KOLAR ROAD, BHOPAL"
"₹ 16,000",3 BHK - 2 Bathroom - 1100 sqft,3bhk flat for rent shiv aangan salaiya coward compas colony,"KOLAR ROAD, BHOPAL"
"₹ 22,000",3 BHK - 3 Bathroom - 2200 sqft,"3bhk duplex for rent, Singapore Villa Jk Hospital Kolar Road","KOLAR ROAD, BHOPAL"
"₹ 17,000",3 BHK - 3 Bathroom - 1600 sqft,3bhk falt for rent Sagar primiyam Towar Kolar Road,"KOLAR ROAD, BHOPAL"
"₹ 40,000",3 BHK - 3 Bathroom - 1800 sqft,3bhk fully farnishad falt for rent madhuban Hights D-mart Kolar Road,"KOLAR ROAD, BHOPAL"
"₹ 60,000",3 BHK - 3 Bathroom - 1800 sqft,3bhk fully farnishad falt for rent parsh Empar Bawadiya kalan,"KOLAR ROAD, BHOPAL"
"₹ 20,000",3 BHK - 2 Bathroom - 1500 sqft,Lalghati Square Gufa Mandir Road Bhopal,"LAL GHATI CHOURAHA, BHOPAL"
"₹ 15,000",3 BHK - 2 Bathroom - 850 sqft,3bhk flat for rent,"NARILA SHANKARI DURGESH VIHAR COLONY, BHOPAL"
"₹ 14,999",3 BHK - 3 Bathroom - 1050 sqft,Rent Duplex Ayodhya Bypass,"AYODHYA NAGAR, BHOPAL"
"₹ 18,500",3 BHK - 3 Bathroom - 1500 sqft,Fully Independent DUPLEX For Rent | 3BHK | Luxury | Peaceful |,"AYODHYA NAGAR, BHOPAL"
"₹ 4,000",3 BHK - 2 Bathroom - 120 sqft,"1 Room is available, only for girls","KOLAR ROAD, BHOPAL"
"₹ 4,000",3 BHK - 2 Bathroom - 120 sqft,3BHK furnished flat only for girls,"KOLAR ROAD, BHOPAL"
"₹ 12,000",3 BHK - 2 Bathroom - 1300 sqft,Flat for rent,"KOLAR ROAD, BHOPAL"
"₹ 14,000",3 BHK - 2 Bathroom - 1500 sqft,3 BHK duplex for rent Priyanka nagar Kolar road Bhopal,"KOLAR ROAD, BHOPAL"
"₹ 8,000",3 BHK - 2 Bathroom - 1200 sqft,House for rent,"KOLAR ROAD, BHOPAL"
"₹ 14,000",3 BHK - 3 Bathroom - 1450 sqft,3bhk flat for rent in Aadhar Symphony covered campus colony,"KOLAR ROAD, BHOPAL"
"₹ 18,000",3 BHK - 3 Bathroom - 1400 sqft,3 BHK duplex for rent Shiv Janki vatika covered campus Kolar road,"KOLAR ROAD, BHOPAL"
"₹ 14,000",3 BHK - 2 Bathroom - 1250 sqft,3bhk singlex house for rent rajharsh colony near by CI square in kola,"KOLAR ROAD, BHOPAL"
"₹ 9,500",3 BHK - 2 Bathroom - 1100 sqft,3 bhk flat independent in Savordharam Kolar,"KOLAR ROAD, BHOPAL"
"₹ 25,000",3 BHK - 3 Bathroom - 1500 sqft,RENT 2 3bhk duplex or flat full furnished,"OLD MINAL RESIDENCY, BHOPAL"
"₹ 3,500",3 BHK - 2 Bathroom - 1500 sqft,"House for rent, no kitchen available, only for single person","BAG SEWANIA, BHOPAL"
"₹ 10,000",3 BHK - 2 Bathroom - 1350 sqft,3bhk apartment on Rent,"OM NAGAR, BHOPAL"
"₹ 11,000",3 BHK - 2 Bathroom - 800 sqft,"Spacious 3 BHK for Rent in Sarvdharm Sector-B , Kolar Road Bhopal","KOLAR ROAD, BHOPAL"
"₹ 10,000",3 BHK - 2 Bathroom - 1000 sqft,Mujhe kiraya se chaiye hai 2 or 3 BHK duplex,"NARILA SHANKARI DURGESH VIHAR COLONY, BHOPAL"
"₹ 18,000",3 BHK - 2 Bathroom - 980 sqft,New Flat for Rent,"AYODHYA NAGAR, BHOPAL"
"₹ 8,999",3 BHK - 3 Bathroom - 1100 sqft,"3 BHK Duplex for Rent 2 room, 2 hall with 3 bathroom. rent only 8999","SHIVLOK, BHOPAL"
"₹ 18,000",3 BHK - 3 Bathroom - 1000 sqft,3BHK House for Rent,"AWADHPURI, BHOPAL"
"₹ 12,000",3 BHK - 2 Bathroom - 1400 sqft,For rent Gayatri vihar phase 1,"GAYATRI VIHAR, BHOPAL"
"₹ 15,000",3 BHK - 2 Bathroom - 1010 sqft,Good location,"AYODHYA NAGAR, BHOPAL"
"₹ 19,998",3 BHK - 2 Bathroom - 1200 sqft,3bhk fully furnished flat in gatted society near Ashima mall,"MISROD, BHOPAL"
"₹ 10,000",3 BHK - 2 Bathroom - 730 sqft,Room For Rent at Kolar road Nayapura,"NAYAPURA, BHOPAL"
"₹ 15,000",3 BHK - 2 Bathroom - 900 sqft,RENT property 3bhk file,"ECO GREEN CITY, BHOPAL"
"₹ 14,000",3 BHK - 2 Bathroom - 1200 sqft,3bhk flat for rent City vistar colony Danish kunj Kolar road,"KOLAR ROAD, BHOPAL"
"₹ 15,000",3 BHK - 2 Bathroom - 1300 sqft,Flat available for rent for students &family,"NANBI BAGH, BHOPAL"
"₹ 4,500",3 BHK - 2 Bathroom - 600 sqft,Female Flatmate Bachelor,"KOLAR ROAD, BHOPAL"
"₹ 13,000",3 BHK - 2 Bathroom - 1160 sqft,3 bhk flat,"BHANPURA, BHOPAL"
"₹ 15,000",3 BHK - 3 Bathroom - 1000 sqft,"4+ BHK independent house for rent in great location,ready to move","AADHARSHILA EAST BLOCK, BHOPAL"
"₹ 25,000",3 BHK - 3 Bathroom - 1650 sqft,3bhk fully furnished flat for rent in sagar primiyam Tower Kolar road,"KOLAR ROAD, BHOPAL"
"₹ 16,500",3 BHK - 2 Bathroom - 1500 sqft,3bhk flat for rent in Sagar premium Tower near by jk hospital,"KOLAR ROAD, BHOPAL"
"₹ 17,000",3 BHK - 3 Bathroom - 1500 sqft,3 BHK flat for rent signature crown near JK hospital Kolar,"KOLAR ROAD, BHOPAL"
"₹ 14,000",3 BHK - 2 Bathroom - 1400 sqft,3bhk Duplex house for rent in sarvdharm D sector near by jlu college,"KOLAR ROAD, BHOPAL"
"₹ 22,000",3 BHK - 3 Bathroom - 1600 sqft,3 BHK duplex for rent Singapur Villa near by jk hospital Kolar road,"KOLAR ROAD, BHOPAL"
"₹ 19,000",3 BHK - 2 Bathroom - 1300 sqft,3BHK flat for rent fully farnishad Singapore city D- Mart Kolar road,"KOLAR ROAD, BHOPAL"
"₹ 22,000",3 BHK - 3 Bathroom - 2200 sqft,3bhk Duplex house for rent in palace orchid covered campus colony,"KOLAR ROAD, BHOPAL"
"₹ 13,000",3 BHK - 2 Bathroom - 1200 sqft,2bhk falt for rent Baskhedi Danish kunj Kolar Road,"KOLAR ROAD, BHOPAL"
"₹ 26,000",3 BHK - 3 Bathroom - 2000 sqft,"3bhk Duplex for rent, Chunabhatti","KOLAR ROAD, BHOPAL"
"₹ 20,000",3 BHK - 3 Bathroom - 1450 sqft,3bhk Duplex house for rent in place orchard colony kolar road Bhopal,"KOLAR ROAD, BHOPAL"
"₹ 2,775",3 BHK - 2 Bathroom - 400 sqft,Need a girl flatmate for a single room available in 3bhk flat,"PATEL NAGAR, RAISEN"
"₹ 10,000",3 BHK - 3 Bathroom - 600 sqft,3 bhk flat available for rent,"KATARA HILLS, BHOPAL"
"₹ 17,000",3 BHK - 3 Bathroom - 1850 sqft,"3 BHK Furnished Duplex for rent in Signature City, Katara Hills","KATARA HILLS, BHOPAL"
"₹ 20,000",3 BHK - 3 Bathroom - 1650 sqft,3bhk Duplex house for rent in Age classic colony kolar road Bhopal,"KOLAR ROAD, BHOPAL"
"₹ 21,000",3 BHK - 3 Bathroom - 3000 sqft,RENT 3 4BHK duplex flat property available,"OLD MINAL RESIDENCY, BHOPAL"
"₹ 25,000",3 BHK - 2 Bathroom - 1500 sqft,Duplex for rent,"CRSYTAL IDEAL CITY, BHOPAL"
"₹ 12,000",3 BHK - 2 Bathroom - 700 sqft,3bhk duplex for rent,"NARILA SHANKARI DURGESH VIHAR COLONY, BHOPAL"
"₹ 22,000",3 BHK - 2 Bathroom - 1200 sqft,3bhk partposhan house for rent in good condition Danish hills view,"KOLAR ROAD, BHOPAL"
"₹ 25,000",3 BHK - 3 Bathroom - 1800 sqft,3bhk duplex for rent in place orached covered campus colony,"KOLAR ROAD, BHOPAL"
"₹ 20,000",3 BHK - 3 Bathroom - 1450 sqft,3bhk Duplex house for rent in ag classic colony in kolar,"KOLAR ROAD, BHOPAL"
"₹ 16,500",3 BHK - 2 Bathroom - 1600 sqft,3bhk flat for rent shidhi sefron Danish kunj Kolar road,"KOLAR ROAD, BHOPAL"
"₹ 17,000",3 BHK - 2 Bathroom - 1500 sqft,3bhk flat for rent Life style blue salaiya,"KOLAR ROAD, BHOPAL"
"₹ 25,000",3 BHK - 3 Bathroom - 1800 sqft,3BHK DUPLEX FOR RENT IN PLACE ORCHARD KOLAR ROAD BHOPAL,"KOLAR ROAD, BHOPAL"
"₹ 16,000",3 BHK - 3 Bathroom - 1600 sqft,3bhk Duplex for rent prime Avenue Sagar public school Danish kunj,"KOLAR ROAD, BHOPAL"
"₹ 18,000",3 BHK - 3 Bathroom - 1800 sqft,3bhk duplex house for rent salaiya aakruti Eco City,"KOLAR ROAD, BHOPAL"
"₹ 20,000",3 BHK - 2 Bathroom - 1600 sqft,3bhk flat for rent Gulmohar colony prime location,"KOLAR ROAD, BHOPAL"
"₹ 12,000",3 BHK - 2 Bathroom - 750 sqft,Independent Flat available for rent,"KOLAR ROAD, BHOPAL"
"₹ 18,000",3 BHK - 3 Bathroom - 1800 sqft,3bhk Duplex for rent salimar park prime location Kolar road,"KOLAR ROAD, BHOPAL"
"₹ 20,000",3 BHK - 3 Bathroom - 2000 sqft,3bhk Duplex for rent Ag classic near Mandakini Kolar Road,"KOLAR ROAD, BHOPAL"
"₹ 3,500",3 BHK - 3 Bathroom - 1350 sqft,I want flatmate,"MISROD, BHOPAL"
"₹ 30,000",3 BHK - 3 Bathroom - 1400 sqft,3BHK Fully Furnished Luxury Flat,"NEW MINAL RESIDENCY, BHOPAL"
"₹ 11,000",3 BHK - 2 Bathroom - 900 sqft,3BHK Duplex flat for rent,"AYODHYA NAGAR, BHOPAL"
"₹ 3,000",3 BHK - 2 Bathroom - 1000 sqft,Need roommate,"K SECTOR, BHOPAL"
"₹ 14,500",3 BHK - 2 Bathroom - 1300 sqft,3bhk falt for rent D k bridge Tower Kolar Road,"KOLAR ROAD, BHOPAL"
"₹ 32,000",3 BHK - 2 Bathroom - 1800 sqft,3bhk fully furnished flat for rent parsh urbane park,"KOLAR ROAD, BHOPAL"
"₹ 18,000",3 BHK - 3 Bathroom - 1800 sqft,3 BHK duplex for rent Girdhar garden Danish Kunj Kolar road,"KOLAR ROAD, BHOPAL"
"₹ 14,500",3 BHK - 3 Bathroom - 1500 sqft,3bhk falt for rent Parak paraid Danish kunj Kolar Road,"KOLAR ROAD, BHOPAL"
"₹ 16,000",3 BHK - 3 Bathroom - 1450 sqft,3bhk flat for rent palace orchard colony,"KOLAR ROAD, BHOPAL"
"₹ 19,500",3 BHK - 3 Bathroom - 1700 sqft,3 BHK flat for rent orchid valley near Ci Park view Kolar road,"KOLAR ROAD, BHOPAL"
"₹ 30,000",3 BHK - 3 Bathroom - 2000 sqft,Furnished House Available on Rent at Bawadiya kala Bhopal,"AAKRITI ECOCITY, BHOPAL"
"₹ 10,000",3 BHK - 3 Bathroom - 1650 sqft,3bhk Duplex house for rent in signature green colony kolar road,"KOLAR ROAD, BHOPAL"
"₹ 14,000",3 BHK - 2 Bathroom - 1250 sqft,3bhk flat for rent in shiva state covered campus colony in Kolar,"KOLAR ROAD, BHOPAL"
"₹ 16,000",3 BHK - 2 Bathroom - 1400 sqft,3 BHK flat for rent Sagar primiyam Tower near JK Hospital Kolar road,"KOLAR ROAD, BHOPAL"
"₹ 12,000",3 BHK - 3 Bathroom - 1600 sqft,2 or 3 bhk flat rent pe dena he,"AYODHYA NAGAR, BHOPAL"
"₹ 17,000",3 BHK - 3 Bathroom - 1450 sqft,3bhk flat for rent in bhumika parisar chunabhatti kolar road Bhopal,"KOLAR ROAD, BHOPAL"
"₹ 18,000",3 BHK - 3 Bathroom - 1600 sqft,3bhk Duplex for rent RudrakshOracle salaiya prime location,"KOLAR ROAD, BHOPAL"
"₹ 20,000",3 BHK - 3 Bathroom - 1800 sqft,3bhk Duplex for rent Shiv janki vatika near Mansarovar dental College,"KOLAR ROAD, BHOPAL"
"₹ 16,000",3 BHK - 2 Bathroom - 1150 sqft,3bhk flat for rent orchid square palace orchid colony Kolar road Bhopa,"KOLAR ROAD, BHOPAL"
"₹ 15,000",3 BHK - 2 Bathroom - 1300 sqft,Flat for rent,"KAROD KALAN, BHOPAL"
"₹ 11,500",3 BHK - 3 Bathroom - 1800 sqft,3bhk Duplex for rent ultimate English villa coward compas kolar,"KOLAR ROAD, BHOPAL"
"₹ 23,000",3 BHK - 3 Bathroom - 1450 sqft,3bhk Duplex house for rent in place orchard covered campus colony,"KOLAR ROAD, BHOPAL"
"₹ 16,000",3 BHK - 2 Bathroom - 1550 sqft,3bhk falt for rent shiddhi sefron coward compas Danish kunj,"KOLAR ROAD, BHOPAL"
"₹ 25,000",3 BHK - 3 Bathroom - 1600 sqft,3 BHK flat for rent virasa height Kolar road Bhopal,"KOLAR ROAD, BHOPAL"
"₹ 13,000",3 BHK - 2 Bathroom - 1300 sqft,3bhk flat for rent janki apartment near D Mart Kolar road,"KOLAR ROAD, BHOPAL"
"₹ 15,000",3 BHK - 2 Bathroom - 1300 sqft,3 bhk duplex semi furnished with maintenance,"KATARA HILLS, BHOPAL"
"₹ 26,000",3 BHK - 2 Bathroom - 1250 sqft,3BHK fully furnished flat for rent akriti Eco City salaiya,"KOLAR ROAD, BHOPAL"
"₹ 12,000",3 BHK - 2 Bathroom - 1500 sqft,RENT 3 BHK DUPLEX AYODHYA NAGAR,"AYODHYA NAGAR, BHOPAL"
"₹ 9,000",3 BHK - 3 Bathroom - 1350 sqft,3bhk Siglex for rent CI state near by mother Tresa school Kolar Road,"KOLAR ROAD, BHOPAL"
"₹ 25,000",3 BHK - 2 Bathroom - 1300 sqft,3bhk falt for rent fully Farnishad cenal ship salaiya,"KOLAR ROAD, BHOPAL"
"₹ 22,000",3 BHK - 2 Bathroom - 1250 sqft,3bhk falt fully Farnishad Cenal ship coward compas salaiya,"KOLAR ROAD, BHOPAL"
"₹ 14,000",3 BHK - 2 Bathroom - 1250 sqft,3bhk flat for rent sai nath colony kolar road Bhopal,"KOLAR ROAD, BHOPAL"
"₹ 16,000",3 BHK - 3 Bathroom - 1450 sqft,3bhk flat for rent very good flat sagar premium tower kolar road,"KOLAR ROAD, BHOPAL"
"₹ 17,000",3 BHK - 3 Bathroom - 1450 sqft,3bhk flat for rent in sagar premium tower kolar road Bhopal,"KOLAR ROAD, BHOPAL"
"₹ 15,000",3 BHK - 3 Bathroom - 1500 sqft,House For Rent,"NARILA SHANKARI HAZRAT NIZAMUDDIN COLONY, BHOPAL"
"₹ 5,000",3 BHK - 3 Bathroom - 1500 sqft,Need female flatmates for fully furnished flat on sharing basis,"NIKHIL PHASE 2, BHOPAL"
"₹ 15,000",3 BHK - 2 Bathroom - 1000 sqft,Sabhi floor available,"KOLAR ROAD, BHOPAL"
"₹ 3,000",3 BHK - 3 Bathroom - 1200 sqft,Urgent flat mate required male / female both also come,"BHANPURA, BHOPAL"
"₹ 14,000",3 BHK - 3 Bathroom - 1150 sqft,"3 BHK Semi Furnished Flat is available for rent in Signature 360,","KATARA HILLS, BHOPAL"
"₹ 12,000",3 BHK - 2 Bathroom - 762 sqft,3 BHK FOR RENT NEAR DIG BUNGALOW,"ARIF NAGAR, BHOPAL"
"₹ 3,000",3 BHK - 2 Bathroom - 1500 sqft,Girl roommate required for 3bhk,"KOLAR ROAD, BHOPAL"
"₹ 21,000",3 BHK - 3 Bathroom - 1450 sqft,3bhk Duplex house for rent in age classic colony,"KOLAR ROAD, BHOPAL"
"₹ 11,500",3 BHK - 3 Bathroom - 1800 sqft,3bhk Duplex for rent ultimate English villa Kolar Road,"KOLAR ROAD, BHOPAL"
"₹ 21,000",3 BHK - 3 Bathroom - 1600 sqft,3 BHK flat for rent Sagar lifestyle Tower salaiya,"KOLAR ROAD, BHOPAL"
"₹ 15,000",3 BHK - 3 Bathroom - 1800 sqft,3bhk Duplex for rent prime avenue Danish kunj saga school Kolar Road,"KOLAR ROAD, BHOPAL"
"₹ 15,000",3 BHK - 2 Bathroom - 1400 sqft,3bhk falt for rent Awantika Homes Danish kunj Kolar Road,"KOLAR ROAD, BHOPAL"
"₹ 15,000",3 BHK - 2 Bathroom - 1350 sqft,3bhk falt for Rent Palace orchead square semi farnishad prime location,"KOLAR ROAD, BHOPAL"
"₹ 15,000",3 BHK - 2 Bathroom - 1500 sqft,3bhk falt for rent please orchard square Kolar Road,"KOLAR ROAD, BHOPAL"
"₹ 14,000",3 BHK - 2 Bathroom - 1600 sqft,3bhk Duplex house for rent sarvdharm D-sector colony Kolar Road,"KOLAR ROAD, BHOPAL"
"₹ 10,000",3 BHK - 2 Bathroom - 900 sqft,3bhk falt for rent uni House near D mart Kolar Road Bhopal,"KOLAR ROAD, BHOPAL"
"₹ 12,000",3 BHK - 2 Bathroom - 1200 sqft,3bhk duplex for rent Priyanka nagar Kolar road Bhopal,"KOLAR ROAD, BHOPAL"
"₹ 18,000",3 BHK - 3 Bathroom - 1200 sqft,3 BHK Penthouse In A Gated Society,"KATARA HILLS, BHOPAL"
"₹ 15,000",3 BHK - 3 Bathroom - 1600 sqft,3BHK duplex for rent shiva Royal park salaiya,"KOLAR ROAD, BHOPAL"
"₹ 13,000",3 BHK - 2 Bathroom - 1500 sqft,3bhk .pent house for rent qwaltiy Homes coward colony prime location,"KOLAR ROAD, BHOPAL"
"₹ 16,000",3 BHK - 2 Bathroom - 1500 sqft,3bhk falt for rent adhar shimfaniy coward compas colony,"KOLAR ROAD, BHOPAL"
"₹ 26,000",3 BHK - 3 Bathroom - 1750 sqft,Flat is in ivory prime location with 3 BHK semifurniture!,"DANISH SQUARE, BHOPAL"
"₹ 15,500",3 BHK - 2 Bathroom - 1150 sqft,3bhk flat for rent palace orchard colony near by Mandakini colony,"KOLAR ROAD, BHOPAL"
"₹ 9,000",3 BHK - 3 Bathroom - 1000 sqft,"3,Bhk For students and Family couples and bachelors","SANJEEV NAGAR, BHOPAL"
"₹ 13,000",3 BHK - 2 Bathroom - 1350 sqft,3bhk flat for rent,"BAGH MUNGALIYA, BHOPAL"
"₹ 11,500",3 BHK - 3 Bathroom - 1800 sqft,3bhk Duplex for rent Ultimate English villa near by mother Tresha pass,"KOLAR ROAD, BHOPAL"
"₹ 11,000",3 BHK - 2 Bathroom - 1200 sqft,"3 BHK Road Facing Flat is for Rent In Sagar Golden Palm, Katara Hills","KATARA HILLS, BHOPAL"
"₹ 9,000",3 BHK - 3 Bathroom - 1650 sqft,"3 BHK Duplex is available for Rent in Heavens Life, Katara Hills","KATARA HILLS, BHOPAL"
"₹ 27,000",3 BHK - 3 Bathroom - 1800 sqft,3 bhk Semi Furnished flat,"NIKHIL PHASE 2, BHOPAL"
"₹ 15,000",3 BHK - 3 Bathroom - 1350 sqft,3bhk duplex house for rent in Priyanka nagar near Mansarovar college,"KOLAR ROAD, BHOPAL"
"₹ 25,000",3 BHK - 3 Bathroom - 1600 sqft,3bhk flat for rent Virasha Hights coward compas colony,"KOLAR ROAD, BHOPAL"
"₹ 15,000",3 BHK - 2 Bathroom - 1350 sqft,3BHK flat for rent Awantika homes Danish Kunj Kolar road,"KOLAR ROAD, BHOPAL"
"₹ 25,000",3 BHK - 3 Bathroom - 1600 sqft,3bhk falt for rent virsha Hights coward compas colony kolar road,"KOLAR ROAD, BHOPAL"
"₹ 24,001",3 BHK - 3 Bathroom - 1250 sqft,3bhm fully furnished flat for rent in Danish kunj near by jk hospital,"KOLAR ROAD, BHOPAL"
"₹ 24,000",3 Bds - 2 Ba - 1350 ft2,3bhk flat for rent in good condition fully furnished near by jk hospit,"KOLAR ROAD, BHOPAL"
"₹ 13,500",3 Bds - 2 Ba - 1250 ft2,3bhk flat for rent Jk hospital ke pass,"KOLAR ROAD, BHOPAL"
"₹ 22,000",3 Bds - 3 Ba - 1200 ft2,3bhk falt for rent danish kunj fully farnishad kolar road,"KOLAR ROAD, BHOPAL"
"₹ 12,000",3 Bds - 3 Ba - 1200 ft2,Nice food consis,"BAGH MUNGALIYA, BHOPAL"
"₹ 10,600",3 BHK - 2 Bathroom - 900 sqft,"3BHK Rent for Family, (girls also allowed)","KOKTA, BHOPAL"
"₹ 10,000",3 BHK - 2 Bathroom - 860 sqft,multi kokta byass,"KOKTA, BHOPAL"
"₹ 25,000",3 BHK - 4+ Bathroom - 2500 sqft,"Fully Vastu Company guest house,Indipendent complete house for rent","VIDHYA NAGAR, MANDIDEEP"
"₹ 1,700",3 BHK - 2 Bathroom - 1200 sqft,Need female flatmate nd roommate,"KOKTA, BHOPAL"
"₹ 11,000",3 BHK - 2 Bathroom - 1000 sqft,Rent par lene wale hi contact kre,"KOKTA, BHOPAL"
"₹ 2,500",3 BHK - 3 Bathroom - 600 sqft,Flat for rent (sharing),"KOKTA, BHOPAL"
"₹ 12,000",3 BHK - 2 Bathroom - 1000 sqft,Rent-12000/-,"KOKTA, BHOPAL"